amount,amountUSD,asset,timestamp
12536400505880244728447149,241645387.9510946572631830205495,LINK,1754639111
60000000000000000000000,230100000,WETH,1753107431
60000000000000000000000,230100000,WETH,1753107431
60000000000000000000000,230100000,WETH,1753107431
60000000000000000000000,230100000,WETH,1753107431
41972301092267388472402,179057872.4199691421540501185745194,wstETH,1732884539
150977021158951400000000000,150969004.27912785968066,USDe,1755005495
26712999243421966261596,123284015.941373553661228196191452,WETH,1755047315
109065151083387413427431872,109059359.7238648855557788753675968,USDe,1755005495
20443930471900668344325,106455381.9219663783786896856320655,wstETH,1755510299
54000000000000000000000,106399207.92906,WETH,1700023439
105000000000000,104975769.15,USDC,1758132239
30000000000000000000000,101667865.9446,WETH,1719291875
30000000000000000000000,101667865.9446,WETH,1719291875
30000000000000000000000,101259497.9508,WETH,1719291035
100000000000000,99968049,USDC,1767187751
100000000000000,99956374,USDT,1766416547
96183208827105,96188887.4837541522792,USDT,1765391687
96177250309431,96182928.61428926880624,USDT,1765391687
96111667895157,96117342.32802953006928,USDT,1765391687
95389835168100,95395466.983968324624,USDT,1765391687
94999999000000,94984799.00016,USDC,1764007907
18458232041680936547033,92897995.74950714395217607977927516,wstETH,1760327615
35000000000000000000000,90158381.495,WETH,1751607047
87444984530665,87450147.2825516904616,USDT,1765391687
19000000000000000000000,86295530,WETH,1759947767
85000000000000,85005950,USDT,1753743599
80000000000000,79992409.6,USDT,1763006159
80000000000000,79983656.8,USDC,1749915647
30000000000000000000000,77278612.71,WETH,1751607047
22000000000000000000000,74713525.7,WETH,1732684727
72026396630245,72026788.4538426685328,PYUSD,1767186587
70000000000000,70008673.7,USDT,1764580931
16500000000000000000000,68456929.47984,WETH,1758649343
20000000000000000000000,67921387,WETH,1732684727
20000000000000000000000,67921387,WETH,1732684727
17389203594300560641356,65650977.69599215405730537255375316,wstETH,1736842031
19800000000000000000000,64072575.480474,wstETH,1749526175
18572761495512887184352,62176306.6781224764664968003744,WETH,1735331795
17600000000000000000000,61031852.64,WETH,1712762279
60000000000000,59995530,USDT,1764587063
60000000000000,59989545,USDT,1762793291
60000000000000,59925634.2,USDT,1767036851
14925119512062349419126,58995450.47399315531941502330484858,wstETH,1732276067
35252895745203769688633,56550301.81926349453248178911430971,WETH,1744546283
12909532234000017260585,55815115.68003065197356612870926605,wstETH,1733187503
15959822097437095846082,55324778.68086957619424272602915754,WETH,1736266595
14224535060357781485376,53003165.27131267858733314595878656,wstETH,1732190303
17000000000000000000000,52944970,WETH,1764790127
20000000000000000000000,52811800,WETH,1748418587
12053437709999999854894,51612892.1796053302691552423629017,wstETH,1733263667
50000000000000,50015750,USDT,1752413039
50000000000000,50006195.5,USDT,1764579515
50000000000000,49991287.5,USDT,1762828115
50000000000000,49989779,USDT,1763095415
50000000000000,49989500,USDC,1762922963
50000000000000,49952354,USDT,1763663951
19542166719132553760336,49847713.55902860258959722987315456,WETH,1748726963
22500000000000000000000,49707662.7879,WETH,1741474703
19000000000000000000000,48943121.383,WETH,1751607047
9320700000000000000000,48706870.578236061,wstETH,1759324319
15000000000000000000000,47046750,WETH,1738147115
14000000000000000000000,46277287.46116,wstETH,1763712107
9445522433872166470530,45362694.1474602599568479037163962,wstETH,1761811559
11808297986654027098078,45254239.36484944372299514655633402,wstETH,1736920295
45000000000000,44996647.5,USDT,1764633731
15000000000000000000000,44673300,WETH,1766153891
14173000000000000000000,44217492.32,WETH,1765217219
8500000000000000000000,42644961.47826,wstETH,1760369159
12500000000000000000000,42361610.81025,WETH,1719294527
9917647869486590787673,42306305.57574111951842397648,WETH,1754780951
10017646645039735000000,41736424.617062449812335395,WETH,1760349407
10407000000000000000000,41446811.05493964,WETH,1760455703
10000000000000000000000,41366314.4484,WETH,1755629615
10407000000000000000000,41224000.26,WETH,1760455259
10000000000000000000000,41133100,WETH,1759134095
14000000000000000000000,40139260,WETH,1766062799
40000000000000,40043359.2,USDC,1760132555
40000000000000,39999028,USDC,1737141899
40000000000000,39996204.8,USDT,1762996391
40000000000000,39995600,USDC,1766157647
40000000000000,39994800,USDC,1755089999
40000000000000,39994542.8,USDC,1756767611
40000000000000,39993030,USDT,1762802219
40000000000000,39993030,USDT,1762794875
40000000000000,39993030,USDT,1762829807
40000000000000,39992000,USDC,1755636587
40000000000000,39991823.2,USDT,1763082335
40000000000000,39991629.6,USDT,1690933787
40000000000000,39988222,USDC,1758841175
40000000000000,39945852.4,USDT,1763729087
16092991972661199229276,39827798.410220023695798167905456,WETH,1749215639
15000000000000000000000,39608850,WETH,1748418587
39000000000000,38996999.73,USDC,1722285911
9390317644105462498038,38106028.10957386629683827711336416,wstETH,1732606331
10000000000000000000000,37553100,WETH,1753584683
10000000000000000000000,36321510.3131,WETH,1736017103
9128775901000000000000,35742356.89446162037185,WETH,1761049967
13500000000000000000000,35637281.8425,WETH,1729264703
10452721842597757380332,35549393.40501969491778772204,WETH,1762430255
9128775901000000000000,35543421.89679576722672,WETH,1761049079
35000000000000,34988817.15,USDC,1767217979
34853313118208,34851918.98568327168,USDC,1729082939
10250000000000000000000,34809710.8375,WETH,1732684727
10000000000000000000000,34561200,WETH,1735074563
12500000000000000000000,34374543.9625,WETH,1740108779
12500000000000000000000,34374543.9625,WETH,1740108779
12500000000000000000000,34374543.9625,WETH,1740108779
12500000000000000000000,34011638.05,WETH,1748500307
12500000000000000000000,34011638.05,WETH,1748500307
10000000000000000000000,33906660,WETH,1735416383
9938922174023454789444,33643274.4185903947162139557212,WETH,1734709955
33228878140115,33219929.6032318670305,USDC,1766982287
33000000000000000000000000,33021780,USDe,1755334235
10000000000000000000000,32769491.1722,WETH,1767710999
17000000000000000000000,32296889.22151,WETH,1746684239
12000000000000000000000,31997520,WETH,1729556519
13000000000000000000000,31988060,WETH,1705878095
10600000000000000000000,31550388.124304,WETH,1766161787
12657885331881162324768,31541655.583585260405394835162232,WETH,1749279731
10000000000000000000000,31538500,WETH,1714064507
20000000000000000000000,31375436,WETH,1697563715
8000000000000000000000,31321285.40048,WETH,1710031547
9346922395317944526868,31306616.940530750631219544008736,WETH,1735322699
16095578144875995395267,31250369.74718398885968064385,WETH,1742242547
10000000000000000000000,31198400,WETH,1765217219
31073228450332,31075063.01373970760128,USDT,1765391687
15000000000000000000000,30985107,WETH,1700780279
31000000000000,30984500,USDT,1762516559
30656189759488,30654963.51189762048,USDC,1729082939
9000000000000000000000,30217230,WETH,1737372431
19500000000000000000000,30192911.96961,WETH,1697115899
30019000000000,30015697.91,USDC,1755511979
30000000000000,29999400,USDT,1757572823
30000000000000,29993700,USDC,1762924643
30000000000000,29971412.4,USDT,1763662667
30000000000000,29971412.4,USDT,1763661827
15706000000000000000000,29941290.16,WETH,1741764923
17581876376945842507642,29808840.66576528976273147606,WETH,1745336315
10000000000000000000000,29258752.7943,WETH,1767014339
29249377617598,29251021.14012633283162,USDT,1758759431
10000000000000000000000,29092880.9637,WETH,1731014387
11080000000000000000000,29046330.8,WETH,1739902751
15365000000000000000000,29021172.1511208,WETH,1699164791
29000000000000,28998840,USDC,1743514103
28903100820202,28904724.88543708715038,USDT,1758759755
10500000000000000000000,28874616.9285,WETH,1740108779
28860623919305,28862245.59776302574795,USDT,1758758699
9648457444668549406900,28729008.28764638627202659194783,WETH,1766175035
12321295297553504859328,28693709.27598962658135445312,WETH,1746793043
28560931875909,28562536.71467110732671,USDT,1758760103
15000000000000000000000,28497255.19545,WETH,1746684239
15000000000000000000000,28497255.19545,WETH,1746684239
9617968252060206989499,28420176.32379697985358210036406485,WETH,1764175463
10590000000000000000000,28407780.9,WETH,1739240483
9000000000000000000000,28228050,WETH,1738147115
10236564125736147905949,28145221.16427499489771108537921275,WETH,1707939911
28000000000000,27997050.2,USDT,1764695051
12810156420279328053015,27888863.44102592231093842635,WETH,1741030547
5882960000000000000000,27826272.6333039736,wstETH,1761205679
10000000000000000000000,27692834,WETH,1738848071
12500000000000000000000,27615368.2155,WETH,1741474703
5500000000000000000000,27574391.00317,wstETH,1760362967
8000000000000000000000,27545680,WETH,1721313911
11000000000000000000000,27526409.39928,WETH,1730855651
10000000000000000000000,27334117,WETH,1738896599
14234695780586160000000,27322217.4282148813656,WETH,1688196035
10000000000000000000000,27209310.44,WETH,1748500307
11215712607501673000000,27166683.93667853221334145,WETH,1728642647
27000000000000,26994480.66,USDT,1763036447
26928000000000,26925307.2,USDC,1753966043
8000000000000000000000,26882128.45056,WETH,1712438711
8000000000000000000000,26706880,WETH,1712425859
26689765000000,26685494.37070235,USDC,1761238079
17000000000000000000000,26621751.10691,WETH,1744365707
10000000000000000000000,26277611.67,WETH,1729260755
10000000000000000000000,26255900,WETH,1739012135
8000000000000000000000,26018586.67048,WETH,1765490519
25869267541031,25870721.13517413053189,USDT,1758760763
8587127125754044126395,25568817.3760024108812703371401265,WETH,1766175035
8506264200329999004588,25316379.2393317844234506248696,WETH,1766246615
8650000000000000000000,25237672.5,WETH,1766503319
7500000000000000000000,25232325,WETH,1737087947
7500000000000000000000,25232325,WETH,1737087947
7500000000000000000000,25232325,WETH,1737087947
7500000000000000000000,25232325,WETH,1737087947
7500000000000000000000,25232325,WETH,1737087947
25000000000000,25000487.5,USDT,1765820639
25000000000000,24998262.25,PYUSD,1761608939
25000000000000,24997501,USDC,1748610431
25000000000000,24996553.25,USDC,1761609551
25000000000000,24992098.75,USDT,1765997339
25000000000000,24976177,USDT,1763709539
25000000000000,24976177,USDT,1763665475
25000000000000,24969014.25,USDT,1767040079
8000000000000000000000,24967228.80136,WETH,1765272119
8535000000000000000000,24902142.75,WETH,1766504735
8375000000000000000000,24800803.75,WETH,1766506955
8470000000000000000000,24712495.5,WETH,1766505527
13000000000000000000000,24697621.16939,WETH,1746684239
7001360000000000000000,24537225.5959662632,WETH,1735065131
8290000000000000000000,24417614.7,WETH,1766508059
11000000000000000000000,24301524.02964,WETH,1741474703
6708685127151093733408,24285015.34333391812155350909985056,WETH,1752836807
12841000000000000000000,24260398.32596644,WETH,1699182815
24150000000000,24148632.3855,USDC,1718865251
6613335790783984599922,23939856.78353201004742370576122754,WETH,1752837479
6627182109098552417042,23868260.26866607342864595594,WETH,1752838475
7500000000000000000000,23841750,WETH,1722486119
7500000000000000000000,23725875,WETH,1738074395
12000000000000000000000,23644268.42868,WETH,1700023439
7500000000000000000000,23406777.001275,WETH,1765273955
23370000000000,23367537.9705,USDT,1764695687
8799407888610438662070,23286914.18877473688687570514998,WETH,1748537159
6459466076720656249013,23264219.23793481392675775041,WETH,1752839099
6389660379789161580730,23012809.1340372506743097461,WETH,1752839699
22888000000000,22886626.72,USDC,1732642655
6307001586973211060661,22830940.75007047890356491202366328,WETH,1752840419
7642543141920134426746,22756247.4646392727834986102701422,WETH,1766175035
6251863204161878449336,22631343.34492310227373127599377728,WETH,1752841091
4918213539370998448319,22589853.61363093767156757854593231,WETH,1755031751
11050000000000000000000,22578400.826683,WETH,1700124539
4500000000000000000000,22576744.31202,wstETH,1760370155
5000000000000000000000,22376732,WETH,1759929647
6210885372170611260042,22369465.1129280684636643175016,WETH,1752842639
22330000000000,22326003.3766,USDC,1762216775
6129384155747914473591,22314314.7776860962418369784316,WETH,1752843887
5472510000000000000000,22257978.8424669171,wstETH,1762318823
22242432307640,22243682.1099113662916,USDT,1758727799
6061482891111875728635,22127861.41576049436259213507244985,WETH,1752844487
22053425282393,22054664.46435961766267,USDT,1758728087
5288440000000000000000,21835439.916,WETH,1760485535
6061732967343668095961,21832269.6381515654474247962628,WETH,1752841847
5996621340894061961789,21764017.56221409060287776082,WETH,1752845147
7000000000000000000000,21735238.217,WETH,1765276079
5000000000000000000000,21599836.065,WETH,1759331711
21561696033473,21562907.58517312084787,USDT,1758729875
6000000000000000000000,21557918.226,WETH,1735923011
5938942785710007382732,21484818.0080347654938938365512,WETH,1735946579
5000000000000000000000,21480816.52,WETH,1755000587
5914004240819112924935,21464168.7115440720675005903,WETH,1752845915
13000000000000000000000,21391890,WETH,1693252751
5848952857873823175627,21336395.1302379195623697333,WETH,1752847235
13500000000000000000000,21302730,WETH,1745294603
8000000000000000000000,21276973.49544,WETH,1723732631
5000000000000000000000,21173300,WETH,1754956391
21100000000000000000000000,21097777.115,USDe,1764684011
21078779620425,21079964.03705187168075,USDT,1758730679
5157989912238465894246,21072797.438675410823367409631604,WETH,1734375671
5000000000000000000000,21067100,WETH,1754953115
21000000000000,20992440,USDT,1763137991
5403688179636983523971,20930105.4261879282833968743,WETH,1734222203
5403701324600376031094,20911577.49014488257711910122377438,WETH,1734226163
5490850590489187708966,20901327.212279036676278158308662,WETH,1733944559
6267755757973585083910,20887054.128074714511745836074,WETH,1765405799
5785111532790022454143,20866464.103836924142422412318017,WETH,1752848615
5203700000000000000000,20724202.045410724,WETH,1760455847
5705369003165031449388,20637910.9118629014797076303132,WETH,1733215271
20615806228446,20616964.63059797638074,USDT,1758737687
5723147414826913896715,20475361.1171813602334434526,WETH,1752850163
10000000000000000000000,20434485.5296,WETH,1700131931
5079476442605266150639,20426364.24859925370330664182884525,rETH,1711451987
5240095000000000373555,20412983.2887413041551972764665063,WETH,1733474483
20367531416676786404261102,20361908.55227858444383847763757086,DAI,1762245647
7725572988119955776743,20354156.79632476828147256717267307,WETH,1747901411
5662313016209840111595,20256076.601000874765182395569,WETH,1752851051
6801863396307954794058,20253060.2435260798764806121015006,WETH,1766175035
6313894116346021532559,20226353.27467990688933264800238913,WETH,1738047719
6500000000000000000000,20185626.708,WETH,1765279823
20200000000000,20183367.32,USDT,1763385155
7941416439839615542135,20180250.9719340406387409339,WETH,1747817867
5599539421526748002148,20031513.4695065962708337482296,WETH,1752851807
20000000000000000000000000,20013200,USDe,1755334043
20000000000000,20007860,USDT,1753278791
20000000000000000000000000,20003474,USDe,1758827855
20000000000000,20002478.2,USDT,1764583067
20000000000000,20002339.2,USDT,1765734239
20000000000000,20001400,USDT,1753714091
20000000000000,20000449.2,USDT,1756881515
20000000000000,19999496.6,USDC,1747251359
20000000000000,19999157.8,USDC,1734978155
20000000000000,19998632.2,USDC,1761960419
20000000000000,19998510,USDT,1764584483
20000000000000,19998133.4,USDC,1752688439
20000000000000,19997676.8,USDC,1754580215
20000000000000,19997251.2,USDC,1755776411
20000000000000,19996800,USDC,1747559195
20000000000000,19996800,USDC,1767788615
20000000000000,19996800,USDC,1762167527
20000000000000,19996800,USDC,1762193663
20000000000000,19996498.6,USDC,1760569331
20000000000000,19996420.4,USDC,1762211687
20000000000000,19996420.4,USDC,1762276403
20000000000000,19996420.4,USDC,1762275023
20000000000000,19995911.6,USDT,1763102531
20000000000000,19994800,USDC,1767257999
20000000000000,19994664.6,USDC,1759864607
20000000000000,19991570.4,USDT,1756104527
20000000000000,19986227,USDT,1766518847
20000000000000,19986227,USDT,1766532515
20000000000000,19984404.2,USDT,1766986775
20000000000000,19984404.2,USDT,1766988179
20000000000000,19975211.4,USDT,1767018995
20000000000000,19975211.4,USDT,1767019055
20000000000000,19972926.2,USDT,1763748347
7569428330897350000000,19855670.231910074679,WETH,1729593911
5540078489066183507990,19709118.09008544622954871510659,WETH,1752853091
5000000000000000000000,19661273.5,WETH,1758819131
5000000000000000000000,19522400,WETH,1754615279
6000000000000000000000,19513940.00286,WETH,1765491359
19500000000000,19499226.435,USDC,1736539835
5485682397638539597680,19496828.3799190627403024184,WETH,1752854543
5000000000000000000000,19449782.5171,WETH,1753672523
5000000000000000000000,19408450,WETH,1753707419
5000000000000000000000,19322193.135,WETH,1753662179
5000000000000000000000,19228550,WETH,1753924715
5000000000000000000000,19207234.54625,WETH,1753645319
6480000000000000000000,19187627.46408,WETH,1766509115
5000000000000000000000,19173780.5,WETH,1753791659
5000000000000000000000,19047826.875,WETH,1753627295
19000000000000000000000000,18997624.81,USDS,1759572215
5000000000000000000000,18987000,WETH,1753763411
18943357878272,18939489.83402683564032,USDC,1729893083
5000000000000000000000,18889564.79,WETH,1753760795
5000000000000000000000,18828050,WETH,1753728479
18817543176192,18817242.28367661268992,USDC,1735635827
5000000000000000000000,18789900,WETH,1753883711
5000000000000000000000,18789900,WETH,1753883795
7500000000000000000000,18768006.4086,WETH,1730855651
18756115871839456179975030,18755897.7382118666870996568904011,USDe,1756766807
18756115871839456179975030,18755897.7382118666870996568904011,USDe,1756766807
4647686513269425246191,18662273.94851691743930287949,WETH,1734310607
5000000000000000000000,18638250,WETH,1753544279
5578302624595526454562,18589478.1739832825225067189068,WETH,1765405799
4111090000000000000000,18485825.1973409495,WETH,1759439399
7165753948633904915519,18121188.53054233678465937834,WETH,1747699007
6625068438277447238950,18086768.0899193448346954475,WETH,1763790971
6053658422713114920966,18025223.6167353381892355465554962,WETH,1766175035
18000047780476,17998861.5773272666316,USDT,1753922003
18000044318825,17998858.1159043894325,USDT,1753922447
18000031288622,17998845.0865600798102,USDT,1753921511
17999964185171,17998777.9875311972311,USDT,1753921019
17994845575957,17993659.7156335444337,USDT,1753920659
18000000000000,17987256.72,USDT,1763300975
17922704809325,17920188.8200238669565,USDC,1756825811
5000000000000000000000,17883701.53,WETH,1754424299
7032628775667828879233,17860837.62785134168287684243,WETH,1749471143
17590000000000,17586482,USDT,1762215923
4551456290685019341699,17524199.06864708887018315776,WETH,1760763899
5000000000000000000000,17523185.20685,WETH,1735065311
5000000000000000000000,17523185.20685,WETH,1735065611
17483237204370,17482085.059038232017,USDT,1753920203
6626946954872517000000,17436795.9308709609893152521,WETH,1730366603
8901978417002902793388,17390905.0354568708971627968,WETH,1700170439
5198514101899787062681,17239936.28641230183171025392,WETH,1735247603
3412000000000000000000,17078073.48884508,wstETH,1760359991
17000000000000,17009197,USDT,1758649151
17000000000000,17007574.69,USDT,1758527519
16843557880514,16842969.1981660760357,USDC,1711839203
4000000000000000000000,16612400,WETH,1759168967
16577000000000,16572848.45612,USDC,1758639059
4964689335889054274441,16544635.5748419080520796390774,WETH,1765405799
5418328753069824832472,16495776.78899589751297105568,WETH,1752496715
3780000000000000000000,16420355.80794,WETH,1757343527
6459923628669340294707,16415828.72670195417010353426,WETH,1747830479
3758000000000000000000,16407496.35681744,WETH,1757347415
3755000000000000000000,16394398.3022484,WETH,1757346227
5000000000000000000000,16388740.2075,WETH,1762295867
6066082176554963791393,16369455.50533508535110256084391597,WETH,1727489603
16367917368323179431602418,16368293.33938512981503396190754146,USDe,1757455775
9908803509096991175839,16319601.20341256252678331622,WETH,1744495439
3900000000000000000000,16289988,WETH,1754833655
4884434791216294959735,16229762.33884896185930294419315245,WETH,1737549203
4999618266512065468708,16219511.5993051171903090582,WETH,1765531847
3724000000000000000000,16216667.88557396,WETH,1757349551
4000000000000000000000,16159872.584,WETH,1758910355
3418150000000000000000,16148212.1735596,wstETH,1761273023
7900000000000000000000,16084240.183,WETH,1701332843
16075007191379404424985278,16068367.24890893324819349358106932,USDe,1764179615
5387755996213707433913,16042449.0188915780875841033352491,WETH,1766175035
16000000000000,15999326.24,USDC,1734978359
16000000000000,15997440,USDC,1762180187
6095753778313834000000,15994023.24820061832034773482,WETH,1727353055
5000000000000000000000,15900800,WETH,1738071683
10209099800000000000000,15899239.58088808,WETH,1744366019
4394781496807456650315,15897570.98129492133632821908309075,WETH,1752835571
8000000000000000000000,15849604.40464,WETH,1700035139
15832532024790912523774605,15833401.5474497140406904107013066,USDe,1753509539
3654000000000000000000,15829383.78,WETH,1757351339
3152000000000000000000,15776696.25933168,wstETH,1760359991
3603000000000000000000,15704950.97828556,WETH,1757414651
3624000000000000000000,15699421.68,WETH,1757353007
5701236508696896206395,15687921.46388598838425092965,WETH,1740155855
15666666000000,15664860.26007684,USDC,1762448291
5000000000000000000000,15646550,WETH,1764926675
15613441592411749094152823,15615895.24475799660052296911613445,USDe,1758057527
4000000000000000000000,15524922.10272,WETH,1734043403
5840380507381936896807,15510297.3453781083404629705386,WETH,1739185643
3555000000000000000000,15495725.9860686,WETH,1757417627
4317413032252644558074,15489301.41317963129868268569816,WETH,1711411535
6324543633437053000000,15455666.74964813263928,WETH,1728299723
6158224089351504794871,15411433.45167286849726341588860148,WETH,1747565171
8000621023736151000000,15301587.73894657559505,WETH,1683498383
3514000000000000000000,15287387.65527344,WETH,1757420171
4732112115124689238056,15221319.05033459411419673173441152,WETH,1736855819
5000000000000000000000,15196634.03,WETH,1766403803
3400000000000000000000,15089268,WETH,1755297011
3484000000000000000000,15087474.42046,WETH,1757424011
5000000000000000000000,15061520.5,WETH,1715801759
15050000000000,15046839.0485,USDC,1710195575
15007313100800,15004248.757537947648,USDC,1729893083
15000000000000000000000000,15002727.6,RLUSD,1751144027
15000000000000,15001754.4,USDT,1765737971
15000000000000,15001754.4,USDT,1765734755
15000000000000,15001754.4,USDT,1765735967
15000000000000,15000724.05,USDC,1747135703
15000000000000,15000270,USDT,1756968275
15000000000000,14999853.15,USDC,1739378363
15000000000000,14999512.65,USDC,1721469251
15000000000000,14999512.65,USDC,1721468759
15000000000000,14999512.65,USDC,1721468315
15000000000000,14999460.9,USDC,1734128075
15000000000000,14998576.8,USDT,1762960547
15000000000000,14996677.2,USDC,1764323411
15000000000000000000000000,14996116.5,RLUSD,1764010355
15000000000000,14996100,USDC,1767255359
15000000000000,14979694.65,USDT,1763784071
5000000000000000000000,14946072.5,WETH,1752421967
5000000000000000000000,14946072.5,WETH,1752422039
3434000000000000000000,14858108.6062,WETH,1757426663
7795206336666700000000,14820246.28727073004,WETH,1683281531
5000000000000000000000,14751424.305,WETH,1766143331
4418573508940294034135,14724725.661606084773405169889,WETH,1765405799
3114000000000000000000,14689298.772234,WETH,1755941615
5000000000000000000000,14675864.13385,WETH,1765960943
4917398589891476688977,14672484.73853228922980268283,WETH,1752563003
4070000000000000000000,14658735.036,WETH,1752842747
5000000000000000000000,14649450,WETH,1767017459
2912000000000000000000,14575424.97055008,wstETH,1760359991
4022255583152307928410,14427830.77676732853920667,WETH,1735992095
14414878694540393182843202,14416664.84215943368296248810115982,USDe,1764550655
3000000000000000000000,14290569.774,WETH,1755165923
4500000000000000000000,14284395,WETH,1762291703
4795102836629234770437,14277779.6268106315971178026322959,WETH,1766175035
3000000000000000000000,14252844.9,WETH,1756032695
4450000000000000000000,14184197,WETH,1752672059
14154000000000,14153291.16768,USDC,1726778675
14100000000000,14099293.872,USDC,1726779911
3000000000000000000000,14097213.456,WETH,1755917279
3000000000000000000000,14089582.61517,WETH,1755085055
3634725454205620483710,14089504.3616644990182340956,WETH,1734227963
8517984164216741202037,14016598.48174357415018794461,WETH,1693253147
14000000000000,13999410.46,USDC,1734978827
5000000000000000000000,13980409.9085,WETH,1738760399
3000000000000000000000,13950512.19807,WETH,1757910947
13867569039319,13865866.65654373319956,USDC,1719776075
3628665543891110553604,13803643.6684332529461011195804,WETH,1761157991
4400000000000000000000,13796833.809704,WETH,1763258459
13784952725699670276327215,13784952.725699670276327215,USDe,1757146547
5000000000000000000000,13784488,WETH,1729471547
3300000000000000000000,13783836,WETH,1754833451
3000000000000000000000,13773357.3,WETH,1755044015
3000000000000000000000,13773357.3,WETH,1755043943
3000000000000000000000,13771946.4,WETH,1755048347
3000000000000000000000,13757130,WETH,1755175247
13750363546436499926650391,13753086.118418694353635867777418,USDe,1757031143
4000000000000000000000,13696279.16,WETH,1712544047
8385629078321674834939,13672600.49962192438487134072,WETH,1693859315
13669000000000,13665325.36273,USDC,1759203275
5197496394915246000000,13634348.28638568742128841014,WETH,1727269835
8039339903449176723087,13627485.0703366994633047737,WETH,1745339339
2950000000000000000000,13622362.5,WETH,1756313423
3000000000000000000000,13610012.7,WETH,1755447611
3000000000000000000000,13506132,WETH,1755023939
3000000000000000000000,13505670,WETH,1755027971
2996658609359138887434,13505353.9062917873821847671662,WETH,1758115583
2690000000000000000000,13464249.0284271,wstETH,1760359991
3000000000000000000000,13454491.89759,WETH,1755209747
4000000000000000000000,13426980.96,WETH,1719415247
13400000000000,13405011.6,USDT,1748252771
4284552136836894000000,13362342.2194603175004417,WETH,1731928295
5000000000000000000000,13324613,WETH,1747903595
4000000000000000000000,13291200,WETH,1711152203
5000000000000000000000,13263984.4,WETH,1750112519
13215987689016,13212773.69296990819896,USDT,1754181563
13153163317261,13159103.54887834141282,USDT,1759888679
3000000000000000000000,13120800,WETH,1756164887
3932530422955897420262,13105005.8388262020553826928868,WETH,1765405799
3000000000000000000000,13069694.92845,WETH,1755546371
13044000000000000000000000,13046499.62172,USDe,1760882387
3000000000000000000000,13026209.23917,WETH,1759334687
13000000000000,13002258.1,USDT,1758864023
13000000000000,13000730.47,USDT,1758767783
13000000000000,12997920,USDC,1764595427
13000000000000,12997734.75,USDT,1762845575
3000000000000000000000,12943342.00794,WETH,1759346519
4000000000000000000000,12939842.58,WETH,1765492127
12931206676480,12930999.9064852430848,USDC,1735635827
2950000000000000000000,12884820.4979,WETH,1756158023
3905567531355308032135,12882101.55499896912978090117165175,WETH,1737541895
3000000000000000000000,12868612.56,WETH,1757095307
4099297868641342639802,12866086.6253219459552180917348,WETH,1752630743
2873816986412448522854,12863818.71544770373256307361830244,WETH,1758352943
5206133940648106000000,12836504.1507590025589,WETH,1730021711
5000000000000000000000,12835600,WETH,1748264123
3000000000000000000000,12830512.42566,WETH,1755514607
3000000000000000000000,12820050,WETH,1757014523
6709553324870242000000,12817342.83585521798338064682,WETH,1688595395
2950000000000000000000,12816986.3931195,WETH,1756468667
3049985866963424378880,12788080.672131193752011728748544,wstETH,1711520879
4267641524599054099943,12707223.8678585892206017230795701,WETH,1766175035
5000000000000000000000,12705900,WETH,1747831307
3300000000000000000000,12658833,WETH,1753774175
2705962649479704397209,12475570.1991612291528923736,WETH,1755033875
4000000000000000000000,12469200,WETH,1765266935
2486000000000000000000,12443168.43296274,wstETH,1760359991
4976616789329804374461,12424721.00857657619736682182,WETH,1749299159
6771591141726933000000,12363571.1065650342714,WETH,1682426483
3932690000000000000000,12326048.0912707464,WETH,1765199195
12322000000000,12318358.60256,PYUSD,1764255887
5220000000000000000000,12287739.9474,WETH,1702025423
3000000000000000000000,12214638.60507,WETH,1760122211
4000000000000000000000,12172687.824,WETH,1752597095
12160269974728,12167216.28574566387544,USDT,1760553839
12156088241644,12161578.17421569126328,USDT,1759898687
11102250000,12158966.415542838525,WBTC,1761967907
3456039192570808995840,12115560.1142600794319966208,WETH,1763012867
12085464411085,12086143.49333025886615,USDT,1758727235
3000000000000000000000,12010905.012,WETH,1760627855
12000000000000,12004716,USDT,1753337711
12000000000000,12004716,USDT,1753336679
12000000000000,12000725.64,USDT,1761868967
12000000000000,11999472,USDT,1757376527
12000000000000,11999214.72,USDT,1756519811
12000000000000,11998691.04,USDC,1751365007
12000000000000,11998040.64,USDC,1757905295
12000000000000,11997312.84,USDC,1767377411
12000000000000000000000000,11996893.2,RLUSD,1764011363
4645840425326685745592,11954165.54000384182512531928,WETH,1749831863
4000000000000000000000,11932646.12628,WETH,1752184751
4000000000000000000000,11804000,WETH,1752197339
4000000000000000000000,11730160,WETH,1767039071
3000000000000000000000,11713440,WETH,1754615555
11703028824739,11703801.224641432774,USDT,1760726927
3499952076429784433915,11663455.196552106436342588381,WETH,1765405799
5110000000000000000000,11658786.93,WETH,1702539911
4000000000000000000000,11658061.60632,WETH,1752183431
2720000000000000000000,11643123.2057936,WETH,1757442203
6150000000000000000000,11636844.1166805,WETH,1699344923
3514703258532857127808,11530305.167509660179331340433536,WETH,1762297871
4680500847424766000000,11499522.5320379075854,WETH,1751362427
2296000000000000000000,11492161.99601064,wstETH,1760359991
4261643381337666532493,11476733.47524377610199962379,WETH,1738658939
3000000000000000000000,11431407.33975,WETH,1753864511
3000000000000000000000,11418146.538,WETH,1733930951
3200842364303593084356,11397091.17678223309450603804569528,WETH,1732728323
2932600000000000000000,11361095.92244,WETH,1734518003
3000000000000000000000,11314450.824,WETH,1753974035
3000000000000000000000,11304630,WETH,1753825823
6616324197812652438582,11270316.97689510883612303293839946,WETH,1676933639
4219851489916578230093,11206954.99137575096613408661,WETH,1727369687
3671852798747605052900,11164204.052618868146735260855632,WETH,1764353051
4388956864746604677809,11117008.29055991231865630655,WETH,1747731035
4063206782497855427104,11037873.37204056486389310262319648,WETH,1748519975
11037020000000,11037020,USDT,1746794915
4141423856341733035034,11030660.371718475493717715303814,WETH,1739286299
4418474822328028080077,11029706.14473278665545381279,WETH,1747320371
11026619280244630110242717,11025905.52717861987533568098892859,USDS,1760703851
11000000000000,10999516,USDT,1757336711
10999900000000,10998796.270034,USDC,1724075375
11000000000000,10998518.19,USDC,1752586571
4048529022525249709167,10997975.66514466033305828100175154,WETH,1763724611
11000000000000,10996040,USDT,1763144663
3357313740400479068957,10950885.9584382826271239426,WETH,1734905783
4158086570170995887744,10942670.0961874558686496820308352,WETH,1752047615
10929928642712,10930542.79540243398728,USDT,1758759143
7000000000000000000000,10905860,WETH,1744373483
3560268794848986282381,10880929.09350542036607563601,WETH,1764364739
3000000000000000000000,10879530,WETH,1733176787
4000000000000000000000,10864586.89384,WETH,1723609775
10856223177361906180235333,10861577.24950851752512530146152894,USDe,1758584795
6223327318418748000000,10838511.41329521564829426584,WETH,1686426239
10000000000,10822744.077905,WBTC,1761834791
3000000000000000000000,10818905.517,WETH,1733179631
3000000000000000000000,10807866.00084,WETH,1754482799
10809692362432,10806337.14201962473152,USDC,1759016207
4500000000000000000000,10771289.469315,WETH,1725595079
3500000000000000000000,10752573.799905,WETH,1764744527
10743561780358,10741638.89767055152516,USDC,1762272023
10725461687923,10726169.568394402918,USDT,1760765387
12043640606,10705096.2791256966988222,WBTC,1731441071
10678401008774,10679105.783240579084,USDT,1760732483
3341000000000000000000,10663876.2997,WETH,1765462247
3500000000000000000000,10657015.95,WETH,1765072367
4000000000000000000000,10638486.74772,WETH,1723731911
10622110279144,10621765.06055992782,USDT,1761595175
2121000000000000000000,10616235.01460739,wstETH,1760359991
4000000000000000000000,10602920,WETH,1739146607
2400000000000000000000,10602504,WETH,1759415183
10600000000000,10599475.724,USDC,1716429251
10588341756299,10590565.30806782279,USDT,1759797455
4828392572669270585986,10542843.46634907901720629086,WETH,1750625699
2315000000000000000000,10532344.6262333,wstETH,1761845435
10507827458480852525246508,10510094.62733329435398735518656608,USDe,1753590911
10500000000000,10499308.05,USDT,1753910015
10500000000000,10498320,USDC,1762205759
4000000000000000000000,10493490.64,WETH,1707841475
3141723016439237176812,10491909.68231949012145074648,WETH,1734809159
3398582330962808225966,10435315.2704765081555716902179,WETH,1764343091
15000000000,10421811.1131945,WBTC,1716234215
3000000000000000000000,10409039.799,WETH,1762244051
3114957348021543876067,10380475.1249281613353996613138,WETH,1765405799
3032803799158155301124,10355820.57537375600195479817478136,WETH,1752784619
5754174363774150000000,10354533.16370216317142925,WETH,1679428331
3300000000000000000000,10350285,WETH,1738147115
3520000000000000000000,10330777.6,WETH,1766501399
4112270069186122213447,10306065.9732804883266122071568,WETH,1747321619
4050110616569647237510,10292060.0966144561670156618,WETH,1747830551
3690598205913582223951,10258188.296476477323155777739171,WETH,1752126431
10240438017955,10244537.77731548828425,USDT,1724600363
5598151425758211000000,10205206.12310018832456,WETH,1680432047
10200000000000,10199049.462,USDC,1754055635
6100000000000000000000,10195650.41,WETH,1678722539
10160728546002,10160368.44978232968912,USDC,1736257127
2400000000000000000000,10152000,WETH,1754733407
10130000000000000000000000,10130000,GHO,1764690563
3645000000000000000000,10112980.313691,WETH,1738797635
3389070628732239448231,10112512.28624897999999855166,WETH,1720195667
2325000000000000000000,10104988.13085225,WETH,1756496855
10075000000000,10075582.5365,USDC,1711406699
3710000000000000000000,10070408.8182348,WETH,1738887827
2494713157649916534612,10045322.82525647385820732866191172,wstETH,1737014087
2600000000000000000000,10037092,WETH,1761927731
2529913842610189222626,10023714.53094476325974076797709564,WETH,1761296771
4553000000000000000000,10018193.55,WETH,1746751487
10000000000000,10006005.4,USDT,1752894527
10000000000000,10005712.3,USDT,1760564495
10000000000000,10005712.3,USDT,1760564135
10000000000000,10005410,USDT,1758653207
10000000000000,10005410,USDT,1758649859
10000000000000,10005410,USDT,1758697235
10000000000000,10005175.3,USDT,1755580643
10000000000000,10004616.1,USDT,1760798507
10000000000000000000000000,10004402.5,USDe,1757768807
2573527223764474846869,10003669.334267602094063620699041,WETH,1753698779
10005000000000,10002697.4493,USDC,1747958423
10000000000000,10001916.3,USDT,1760905379
10000000000000,10001882.5,USDT,1750364279
10000000000000,10001169.6,USDT,1765739183
10000000000000,10001169.6,USDT,1765736411
10000000000000000000000000,10001147.7,USDe,1764866891
10000000000000,10001000.1,USDT,1750446719
10000000000000,10001000,USDT,1765359107
3017108509338852379272,10000690.49238255331248602291413776,WETH,1735254755
10000000000000,10000567,USDT,1756448099
10000000000000,10000561.9,USDT,1758730151
10000000000000,10000228.4,USDC,1709149043
10000000000000000000000000,10000000,GHO,1750626239
10000000000000000000000000,10000000,GHO,1762332275
10000000000000,9999883.7,USDT,1756770059
10000000000000,9999840.5,USDT,1755089003
10000000000000,9999675.1,USDC,1721467391
10000000000000,9999446.5,USDT,1756366319
10000000000000,9999446.5,USDT,1756287299
10000000000000000000000000,9999345.6,USDe,1756468259
10000000000000,9999341,USDT,1753903763
10000000000000,9999051.2,USDT,1762961111
10000000000000,9999051.2,USDT,1762960847
10000000000000,9999051.2,USDT,1762956347
10000000000000,9999000,USDC,1752894479
10000000000000,9998700,USDC,1765873019
10000000000000,9998652.9,USDC,1752553331
10000000000000,9998600,USDC,1761833231
10000000000000,9998580.1,USDC,1755186371
10000000000000,9998500,USDC,1710245855
10000000000000,9998460,USDC,1747764215
10000000000000,9998400,USDC,1767781007
10000000000000,9998326.4,USDC,1757096915
10000000000000,9998300,USDT,1741953107
10000000000000000000000000,9998285.8,RLUSD,1748179607
10000000000000,9998273.9,USDC,1756667339
10000000000000,9998257.5,USDT,1762781099
10000000000000,9998210.2,USDC,1762279655
10000000000000,9998210.2,USDC,1762280459
10000000000000,9997985.9,USDC,1749481931
10000000000000,9997937.5,USDC,1766520071
10000000000000,9997899.7,USDC,1710194339
10000000000000,9997796.8,USDC,1748533595
10000000000000,9997409.4,USDT,1754074955
10000000000000000000000000,9997324.4,USDe,1762126403
10000000000000,9997275.4,USDC,1763455775
10000000000000,9997181.2,USDC,1759691939
10000000000000,9997181.2,USDC,1759690187
10000000000000,9997181.2,USDC,1759676867
10000000000000,9996636.6,PYUSD,1759841423
10000000000000,9995816.9,USDT,1734339563
10000000000000,9995785.2,USDT,1756098767
10000000000000,9995284.1,USDT,1766081519
10000000000000,9995284.1,USDT,1766081207
10000000000000000000000000,9994629.4,USDe,1764003359
10000000000000,9993113.5,USDT,1766561591
10000000000000,9993113.5,USDT,1766561351
10000000000000,9993113.5,USDT,1766525855
10000000000000,9993113.5,USDT,1766530547
10000000000000,9993113.5,USDT,1766521919
2145803097995242206504,9991347.0079042135272417201583044,WETH,1759760735
10000000000000,9990470.8,USDT,1763693963
10000000000000000000000000,9987929.6,USDe,1767372455
10000000000000,9987605.7,USDT,1767013859
10000000000,9986443,cbBTC,1733710703
6000000000000000000000,9948091.29462,WETH,1744468787
3558000000000000000000,9929061.54,WETH,1740361991
5174974420434733708788,9926303.1824226722468196665316,WETH,1742024027
2800000000000000000000,9829363.474644,WETH,1762261811
1959000000000000000000,9805376.89467981,wstETH,1760359991
2182496219460538515784,9793820.83505599895726975296,WETH,1758088271
9797518134225,9793388.676281786847,USDT,1756057319
2524233129340535874676,9735487.57557187216680914356,WETH,1733490299
3050000000000000000000,9735056.185,WETH,1765462955
2100000000000000000000,9681840,WETH,1755033671
3644794001658367639663,9679734.56578424302638780551,WETH,1727371139
4000000000000000000000,9647210.8,WETH,1740498923
3827286339989432522896,9641891.112018377883305748,WETH,1747322315
3169235094314923246057,9617867.89482315647020394132,WETH,1764534707
9600000000000,9599040,USDC,1753964951
9569625695568389223192956,9571386.506696373806810023503904,USDe,1759329263
2220000000000000000000,9564204,WETH,1757022119
3600000000000000000000,9562933.8,WETH,1707794687
5700000000000000000000,9544375.089,WETH,1692864203
4067308619673226652063,9543166.88742548842600193753,WETH,1740663551
4250000000000000000000,9532325,WETH,1702279931
3138005420541132162002,9513365.51323772873025498332,WETH,1764532967
3000000000000000000000,9482660.11317,WETH,1767841871
3437558025930272803783,9474003.05566409457451751458350493,WETH,1738611587
3000000000000000000000,9452919.47508,WETH,1765203791
9450675761049,9450892.84307123129553,USDT,1757451047
6500000000000000000000,9445085,WETH,1744177187
9427370346955,9427063.9574187239625,USDT,1761607763
3426397587073878104583,9417899.19975887357459997129,WETH,1738719035
2000000000000000000000,9415622.4083,WETH,1759782935
2049080000000000000000,9406606.643104,WETH,1755048491
9397658154431,9395957.83614111879917,USDC,1756285091
2857553746245260268466,9388087.060656835785086920828,WETH,1734940007
2000000000000000000000,9386864.58634,WETH,1759772603
3416855806098823677537,9385573.286703523324524120765,WETH,1763738279
2000000000000000000000,9371160,WETH,1759766939
4000000000000000000000,9362838.8768,WETH,1706724899
9350000000000,9349383.835,USDT,1753917227
2000000000000000000000,9342591.102,WETH,1759768439
2626692892955033501446,9301960.07567951923934074872,WETH,1752873107
9287578840556,9287430.7036734931318,USDT,1755088223
4025000000000000000000,9286612.7445,WETH,1704789515
2225000000000000000000,9283777.445125,WETH,1758575183
9281124015405,9280822.3788744993375,USDT,1761620987
2500000000000000000000,9279593.5,WETH,1754017331
3305985065394012321188,9259502.15070751152955298604,WETH,1738673879
2000000000000000000000,9240420,WETH,1755069467
2772312039738209779582,9238622.8611828501955595231348,WETH,1765405799
5134951386913474693460,9233258.7878368571158042952,WETH,1746647507
9226525619976694547789868,9231075.95788195465400694700710024,USDe,1758584795
2395195684842101684177,9204365.5248717125841315171683124,WETH,1717688051
3744400677927806000000,9199618.0256008265614,WETH,1751362427
9196254414973,9194222.9623727324643,PYUSD,1764663083
9195014023198,9192982.8446002755618,PYUSD,1764662939
9193731598323,9191700.7030129304493,PYUSD,1764662747
9187088400384,9186941.49884047785984,USDC,1735635467
4119715638767177541802,9173586.23277362536804417422658,WETH,1702994375
3682609122025246542896,9166787.45263646394704215216,WETH,1749215687
3312543783983614176734,9154148.49616303810512087432,WETH,1763736959
4539600000000000363797,9133750.48636065673196559734041492,WETH,1701157091
2355749501009835947614,9106711.573034255214503290257982,WETH,1760835635
2000000000000000000000,9072443.842,WETH,1759526519
1810000000000000000000,9059587.6362279,wstETH,1760359991
2000000000000000000000,9029543,WETH,1759951151
2000000000000000000000,9028825.3,WETH,1759852043
2000000000000000000000,9024283.74658,WETH,1759857215
9000000000000,9002551.86,USDT,1745912831
9000000000000,9001563.3,USDT,1758812687
9000000000000,9000004.32,USDC,1740413999
9000000000000,8999891.73,PYUSD,1763881391
9000000000000,8999406.9,USDT,1753922807
9000000000000,8999406.9,USDT,1753920431
9000000000000,8998920,USDC,1760465471
9000000000000,8998759.17,USDC,1761634667
9000000000000,8997811.29,USDT,1754204459
9000000000000,8997811.29,USDT,1754173607
9000000000000,8997660,USDC,1767097151
3000000000000000000000,8985556.86801,WETH,1764422099
2000000000000000000000,8978120,WETH,1759858379
3562049114020395217443,8973692.23049588065154327775,WETH,1747322903
2000000000000000000000,8954020,WETH,1759608371
2000000000000000000000,8947738.25116,WETH,1759444031
2700000000000000000000,8932167,WETH,1762332311
2000000000000000000000,8926131.4,WETH,1758135863
8916249934501,8916838.406996677066,USDT,1760733971
8910778599358,8911366.710745557628,USDT,1760728139
8907711929519,8908691.77783124709,USDT,1765263239
2784370178000000000000,8887213.1549732626,WETH,1765463099
8883175895571,8882051.37433437966711,USDC,1755278783
8871440031059,8871125.62722429926904,USDC,1736257127
3551441360857945765163,8866599.53034516455622124906,WETH,1749298391
2000000000000000000000,8863510,WETH,1758033047
8858612796086,8860473.10477317806,USDT,1759818575
3233797796290130038010,8857113.4602149629637063492,WETH,1738701659
8846418054933,8844127.80576275839563,USDT,1761907847
8819337796910,8823394.6922965786,USDT,1755193175
8817419789069,8821475.80217197174,USDT,1755193019
3350944688513519843572,8811610.64346826664545849548,WETH,1727372747
8801721785729,8802220.8433542508343,USDT,1756388987
2602709177168939142496,8801908.157722859936114601605664,WETH,1762432763
5000000000000000000000,8795500,WETH,1743953747
8776235654295,8778078.66378240195,USDT,1759808819
8749495098782,8748144.43922360102266,USDC,1754930963
1604000000000000000000,8743507.07676128,wstETH,1758109355
8737931931627772315599154,8740972.731939978780364982505592,USDe,1759250615
2390000000000000000000,8736454.07963,WETH,1753432379
2000000000000000000000,8730460,WETH,1760048891
8698273126608,8702201.44071743870496,USDT,1759870127
8697849555322,8701777.67813817452164,USDT,1759870259
2698499999999999999991,8688036.62999999999997102378,WETH,1709019179
8670630321248,8675832.6994407488,USDT,1755284807
3509191582799651221887,8657534.72511271199433328437609837,WETH,1738550207
7754352278,8650579.717541296557327,WBTC,1761382319
8644788247669,8644282.61400439384019,USDC,1733401655
3339058606530682001652,8629830.35916461294008961052,WETH,1750125671
3254179386659540250013,8627086.11955751730625792348744405,WETH,1747957583
8627167888502,8626887.505545623685,USDT,1761599003
8596406196411,8597946.6724013968512,USDT,1754720339
2000000000000000000000,8597360,WETH,1755750755
2000000000000000000000,8591908.408,WETH,1754927315
8590396786493,8590594.10790718574421,USDT,1757452403
1714000000000000000000,8579079.12071526,wstETH,1760360819
1990000000000000000000,8573318,WETH,1757021507
3152810655600368997484,8564724.29225012034389669968917608,WETH,1763723831
8530174028771,8532629.43936518173235,USDT,1757995151
8527184896136,8531798.103164809576,USDT,1758656243
8525381359098,8526721.1227785822507,USDT,1758048071
8520237542130,8520152.3397545787,USDT,1756241351
8520008755780,8519923.5556924422,USDT,1756241579
8519959345209,8519874.14561554791,USDT,1756241147
8513005071066,8515455.5395757063481,USDT,1757974091
2000000000000000000000,8511554.58846,WETH,1760386451
3104448882005367866688,8502837.13190214215742909696,WETH,1738702763
8500000000000,8500165.75,USDT,1765801703
1800000000000000000000,8493984,WETH,1755947147
2500000000000000000000,8492175,WETH,1721317979
4300000000000000000000,8484932,WETH,1700182043
3394645839944743735714,8475140.69692284610545828668,WETH,1749298727
8474383927550,8474917.135786721446,USDT,1723727135
8468158161750,8466994.29809224908,USDC,1755708131
8450000000000,8449370.475,USDT,1764608363
4300000000000000000000,8441920.31948,WETH,1700179775
3104451781828466331847,8440849.17220250853297540065,WETH,1738703831
8423779982325,8422921.68338260090575,USDC,1755866651
3233123779097821122671,8419539.28933759087660368465,WETH,1738582475
8416616858928,8415460.07910690893568,USDC,1755713687
3315188454423721873040,8400024.7350972599898533567394464,WETH,1747323743
3104453801931535021784,8396243.66362799098921657072,WETH,1738704575
2000000000000000000000,8392369.51332,WETH,1761595175
8376889847607,8375746.98852509097699,USDC,1756795703
1672000000000000000000,8368856.64517848,wstETH,1760359991
2210000000000000000000,8363118.1024937,WETH,1760715935
8361338940159235736450335,8361844.55032494716543531815175745,USDe,1761896939
8346616290980,8350385.7898293323876,USDT,1759871651
5300000000000000000000,8345105.222454,WETH,1744115615
2500000000000000000000,8331025,WETH,1752692975
1922000000000000000000,8328026,WETH,1757329967
2500000000000000000000,8327111.945,WETH,1734945683
8328104111628,8326666.59757729189092,USDC,1756719215
2357877697841726618705,8325582.682208633093525052843,WETH,1718102447
8322822770052747017327007,8324487.3346067575667304724014,USDe,1764833159
8307877310765,8306689.9489397454662,USDC,1758436199
8278419303816,8278753.25525071593744,USDT,1756636763
8279909284257,8278584.49877151888,USDC,1756914455
8261406101356,8260278.99772159200092,USDC,1756750331
8258637622779,8257510.89684812426103,USDC,1756795943
8252849246763,8256576.39853982310606,USDT,1759877507
3000000000000000000000,8251964.64909,WETH,1763748515
3000000000000000000000,8251964.64909,WETH,1763748647
3300000000000000000000,8251171.9455,WETH,1749213215
2900000000000000000000,8249757.066197,WETH,1764002003
8250000000000,8249457.2325,USDC,1726176395
2390182127901765752462,8247442.9414314378171577541,WETH,1762930511
8248456568762,8247322.90089118935072,USDC,1755748175
8241800980434,8244603.19276734756,USDT,1758400775
1900000000000000000000,8242504.202882,WETH,1757338667
8240604756325,8238650.744125180216,USDC,1757452751
8237204797812,8237116.82446475936784,USDT,1754835047
2262179126597124028085,8234626.10409998908835305105,WETH,1753361759
8229503610700,8228407.111638910332,USDC,1756215803
2257242439006713830297,8226181.48259411754744287195,WETH,1752982211
8220370212492,8219141.267145232446,USDC,1754886683
1912300375811199978855,8208754.6905325434793343211207516,WETH,1755704531
3118768136275275145382,8201081.50346810076954505338,WETH,1727373155
8200169317804,8199349.3008722196,USDC,1756590923
2392519284999253694983,8198399.62275583076876301555760245,WETH,1754171819
3000000000000000000000,8189336.40159,WETH,1764604115
3303415530785619268780,8169215.72300609119467189166762,WETH,1747754135
8159562523119,8163247.54474569100278,USDT,1759885151
5000000000000000000000,8162850,WETH,1744601675
8159553855503,8161016.0475539061376,USDT,1754725967
2032878596762458857570,8150424.03469921032366444238599,WETH,1733598587
3159941288254136051029,8147466.21998293422853113244,WETH,1751976755
1790000000000000000000,8145801.8141592,wstETH,1761850763
1949689685368257816491,8139545.00157854904970846189,WETH,1754914343
8139720445164,8138558.41867324838736,USDC,1757307539
8136346190165,8135227.9307446237224,USDC,1755746675
2171692000000000000000,8131957.72986365436,WETH,1753059803
1893095167425115763330,8130919.4678975692081328832,WETH,1754922983
1874000000000000000000,8129712.04010572,WETH,1757341283
8129499060001,8128095.82716825322739,USDC,1756720439
2541874521000000000000,8113210.2548049057,WETH,1765463207
8114655192141,8112731.04510183952608,USDC,1757505191
3819669271744019072076,8112548.23325927688975483695069484,WETH,1741113203
8111428310556,8110085.54471347055976,USDC,1754814875
2903555195379502923249,8108700.52303243022369901732,WETH,1740149087
2000000000000000000000,8090206.526,WETH,1759096571
8083540073304,8083866.16331055708336,USDT,1756675907
8084301111963,8082684.2517406074,USDC,1755622091
3182186018551142798577,8081829.65317452287697399267,WETH,1749471191
5000000000000000000000,8074764.47345,WETH,1744518167
1481000000000000000000,8073026.17249592,wstETH,1758109355
3231570232539788253168,8068002.87396348614862429216,WETH,1749299207
8066996998757,8065888.27068949083792,USDC,1755746723
8066820503891,8065711.80008094522096,USDC,1755746699
8063010537716,8061910.50118833940612,USDC,1756796735
8052672692529,8054502.50134492336467,USDT,1760634155
4068616035578280696612,8034947.06402212341651117432,WETH,1742592047
8034204603771,8032790.74444482837942,USDC,1757005211
8029327534053,8027286.23811401770581,USDT,1737902639
8025849235733,8026732.07914893063,USDT,1765263467
2000000000000000000000,8026703,WETH,1758984947
5023427342793326493316,8017930.05753749936593036747,WETH,1677259139
11768572524,8013366.099672315915402,WBTC,1730072627
3072063631965955751621,8006012.86935751830562693947,WETH,1750133747
3000000000000000000000,8004757.839,WETH,1763727083
8000000000000,8004569.84,USDT,1760564759
7999300000000,8004395.5541,USDT,1755442055
8000000000000,8004140.24,USDT,1755509519
8000000000000,8003680,USDT,1755189419
8000000000000000000000000,8003522,USDe,1757770415
8000000000000,8001683.12,USDT,1751514491
8000000000000000000000000,8001472,USDe,1759360583
8000000000000,8000982.24,USDT,1761258935
8000000000000,8000799.12,PYUSD,1764022799
8000000000000,8000568,USDT,1751897123
8000000000000000000000000,7999920.16,RLUSD,1763738867
8000000000000000000000000,7999920,USDe,1756240907
8000000000000,7999920,USDT,1756228799
8000000000000,7999872.4,USDT,1755151835
8000000000000,7999740.08,USDC,1721469731
8000000000000000000000000,7999157.2,USDe,1764696203
8000000000000000000000000,7999157.2,USDe,1764691259
8000000000000,7999014.88,USDC,1748209859
8000000000000,7998936.72,USDC,1765360175
8000000000000,7998900.48,USDC,1755780155
8000000000000,7998896.48,USDT,1727955359
8000000000000,7998880,USDC,1747407059
8000000000000,7998630.24,USDT,1754912303
8000000000000,7998388.72,USDC,1749461519
8000000000000,7998237.44,USDC,1748518019
8000000000000,7998076.72,USDC,1749313211
8000000000000,7998054.48,USDT,1754204195
8000000000000,7998054.48,USDT,1754204675
8000000000000000000000000,7997740.8,USDe,1756120079
8000000000000,7997740.8,USDT,1756164035
3018000000000000000000,7997609.46,WETH,1748393351
8000000000000,7996556.24,USDT,1763908379
8000000000000,7996227.28,USDT,1766081951
8000000000000,7996227.28,USDT,1766062631
8000000000000,7994490.8,USDT,1766531267
8000000000000,7994490.8,USDT,1766529143
8000000000000,7994490.8,USDT,1766527811
8000000000000,7989879.04,USDT,1767869099
7991596670121206225226744,7989438.93902027349954593277912,USDe,1754460743
2000000000000000000000,7981122.53214,WETH,1760575967
1950000000000000000000,7977645,WETH,1758687671
2000000000000000000000,7977120,WETH,1760554283
7968430188466,7967302.01811991698372,PYUSD,1762354967
7960717460053,7958920.80572944063843,USDC,1758735479
2364627881777739308340,7956328.697547096516376508184,WETH,1762538063
7951000000000,7954657.46,USDT,1755240695
3000000000000000000000,7952190,WETH,1739147375
3000000000000000000000,7952190,WETH,1739148119
7944750142885,7949048.252712300785,USDT,1758617711
7942520124712,7947057.13048283923576,USDT,1760523011
7931950440916,7931478.0932672434522,USDT,1761674027
3000000000000000000000,7929090,WETH,1748423231
1584000000000000000000,7928390.50595856,wstETH,1760360819
2526612580250047261701,7917519.51210056060162933865,WETH,1752626795
7914277563640,7912394.6778648344076,USDC,1759330775
3000000000000000000000,7912320,WETH,1739149727
7907804214850,7906495.156940273731,USDC,1754815439
7904769156534,7904270.52369560583528,USDC,1741928903
7900590328939,7903339.734373470772,USDT,1759241075
3085420921187708026984,7902349.20913674592163115096,WETH,1747325375
7896205621796,7894152.60833433304,USDC,1758553751
7871707906616,7870349.17111423901224,USDC,1756718495
3098667345541455312558,7869716.44414508947185667818,WETH,1749471779
7862425688726,7863834.6354094196992,USDT,1754684831
