WETH,weETH,USDT,wstETH,USDC,WBTC,cbBTC,USDe,sUSDe,RLUSD
3219.09284475812,3400.0456700795876,0.999959853288742,3827.071960938149,0.9999881876307739,92135.24168956316,92285.72465076321,0.9992053295954804,1.1419145678547118,0.9994008244316163
3269.1759954060667,3457.4736998025605,0.9997953369765451,3887.5559416871915,0.9999745918927159,94648.03308626874,94794.05760156986,0.9986004572721137,1.138372162829245,1.0001069406091083
3283.591322828503,3472.5044038148685,0.9996340523363286,3912.7533434606075,0.9999984731464708,94390.67095056218,94607.86419440937,0.9987544962264459,1.1404301609766163,0.9998973081314078
3264.070968533687,3452.216309306846,0.9994698581768867,3862.3970787743638,0.9999006483374144,94453.66299717233,94515.27961219246,1.000123071695429,1.1428125028237153,1.0016332931427305
3134.5520394596483,3316.223221019081,0.9995978203447057,3722.598921088814,0.9999424713385991,94508.29521045693,94300.20297869104,1.0003365467999086,1.1419007677175672,1.0015509936556575
3224.8006483414138,3411.1460419145205,0.9996681575058813,3840.965199446314,0.9999895984378816,96230.4556514686,96425.72771186834,0.9993992483152974,1.1440905798893712,0.999502986664582
3447.0340476747956,3640.0847087615143,1.0001113134599393,4095.8885477364684,0.9999999212517576,100025.64901670923,100306.55742180222,1.0012736955508252,1.147113852328472,1.0013936901142746
3309.4466139900196,3498.032098623145,0.9998760170916374,3919.8036543358353,0.999960841650655,99712.00726422352,100049.35401516967,1.0000633476455394,1.150139875628162,1.0012924130475156
3477.284285084809,3671.0824532166002,1.0003552067890709,4154.497007805485,0.9999989522305549,104075.43969360592,104161.2749309557,1.0002516051359294,1.146058474165617,0.9999280806466835
3309.0995676199964,3496.9711244524447,0.9988942493886789,3903.1784460899826,0.999927502683709,104100.81344716711,104392.78394877467,0.9989198248354707,1.145633124016135,0.999599908530489
3208.1365439891497,3385.727127613186,0.9987163453889023,3859.2727882321865,1.000080514082634,101000.86941848698,101552.01803626891,0.9987336817394615,1.147372550941754,1.0029771041725908
3263.069869880814,3452.9538685846983,0.9989676020056748,3885.55837010428,1.0000625695121996,102037.48367925787,102200.75511693499,0.9971897058536617,1.1455750429851979,0.9921273693201059
3326.0285404709143,3526.996728431786,1.0000391281404988,3953.810929776951,1.0000863480814257,105985.70631434866,106413.08091889408,1.0009375305187227,1.148885953139508,1.0022439253766646
3237.2996671291435,3417.5368795079607,0.999529529453576,3849.907385175321,0.9999930690811191,103672.63190348235,103894.85787259936,0.9971502633936699,1.1444713493124221,0.9998736204910034
3332.580893146162,3515.7057804382175,1.0002138512351193,3951.9244406796493,0.9999311676910557,103858.36268831104,104116.61728837313,0.9995441739317577,1.1462830271046207,1.0000498006606406
3311.8499838687,3508.4143977989434,0.999926517720557,3946.716633759216,0.9999049378084353,104496.79028298474,104677.35861630276,1.0004090760199955,1.1493017232259706,1.0006386534627718
3320.1314101789453,3510.2972798971527,0.9998308195080853,3959.966297927836,0.9999699334722717,104673.20686078384,104830.02300937123,1.000066314263827,1.1469931234930113,0.998613423142499
3232.2767744705584,3421.396028817437,0.9996182150055418,3866.040153255085,1.0000084536006284,102523.74191106067,102742.77721245824,0.9984043806245754,1.1466988566639003,0.9984371982960404
3173.5346079397173,3355.9575688363534,0.9998793042646281,3772.908250154839,1.0000886500965283,101984.70665282075,101835.38594249527,1.0008709056656198,1.149913330435138,1.0003341359383449
3076.4937692857234,3260.1537376516962,0.9993868651783552,3650.3118028630533,0.9999032635177072,101051.39817731557,101272.47194714074,1.0010725360313468,1.152016012822222,1.0002408809318797
3114.4358854363104,3294.8606281250786,0.9999851070048339,3730.4702560589953,0.9998995810038127,103421.7140581522,103740.91137557112,1.000106562477347,1.1471554707629095,0.9992034236977517
3248.249484352305,3442.457301497375,1.0000920569534553,3875.966117814277,1.000049413016127,104378.22402255994,104824.39964887674,0.9997395640279025,1.148443780902174,0.9989043798113753
3296.390634843652,3489.2340896385476,0.9997106059886262,3917.985458943456,0.9999984583215497,102358.49240194111,102376.8575768776,1.0014353694394316,1.1504776792476608,1.0010394516004535
3125.0386801320924,3292.7904544150574,0.9997524373355153,3706.2476121496875,1.0000172836955323,100620.1633688179,100653.70010742279,1.0010441849280318,1.149216492242353,1.0001637381397128
2862.6976188716285,3032.0068330261624,0.9997188116003191,3373.7391073044855,1.0000090178090109,97501.16526335917,97665.63043556272,0.9992668977634078,1.149170403014002,1.000385374097791
2877.8138239498767,3041.587315582604,1.0010450921652347,3437.989988974932,0.9999707442629723,101511.81256701465,101571.84586970432,1.0000848283980408,1.1461031262415908,0.9989759815601775
2740.3809762760143,2898.438340122586,1.000261479065075,3232.849782691721,0.9999754958591461,97976.91982261704,98082.96662326252,0.9999120740948735,1.1471272599225344,1.001536130604834
2790.5521609256075,2952.6093519732835,1.0000490560981923,3310.386970152348,1.0000064801411843,96513.21423759728,96638.61592667972,1.000475415457775,1.1498526392884876,0.9996593357822382
2686.662316793651,2840.7253932488757,1.0000773661564972,3205.3205834587575,0.9999990831756363,96586.05246757597,96574.2700760155,1.000124365382097,1.1490335796106144,1.0008835682869088
2623.4507017824767,2772.7654017492328,1.0002013848683518,3115.255137240742,0.9999954497601323,96328.520353603,96494.1165702033,1.0004724971634233,1.1495167974633065,1.0007574583314016
2635.6011418023404,2790.905758660264,1.0000525933192037,3144.4228391927973,0.9999951153314031,96363.7381570528,96520.84449099223,1.0001356099646488,1.151060604991829,1.0000966542227274
2632.5358220552475,2783.4127637840293,1.0001707328493536,3129.404178981988,0.9999982671246745,96305.81909216428,96534.22135824671,1.000288303073155,1.1525679833004474,1.0013468847058473
2660.2967996436387,2812.8566414320253,1.0001766843203037,3170.56484481236,0.9999018522623695,97141.03454712042,97322.91111228068,0.9998378564946315,1.1506733014546702,1.0005520569648756
2603.0333698049267,2757.042582992194,0.9998416429553479,3104.447012671554,0.9999126258297392,95623.17983504171,95791.80515574386,0.9996846037771796,1.1504164063862752,0.9997836465890682
2736.2703136032396,2899.5361481695236,1.0000267749335803,3268.5747424714855,0.9999022028781105,97510.00564426449,97782.46415001566,1.0003497147477525,1.1525413937522775,1.0009716487596283
2675.7090007037627,2834.6278191885476,1.0000784910750329,3188.5064585256337,0.9999026348113932,96509.27659099847,96576.82623670199,1.0002188324283001,1.1521510092658904,1.0002785340560851
2724.6698335873957,2887.5342030379843,1.0000596582720735,3248.2389650508862,0.9999471562049712,97356.40959684462,97527.64520713792,1.00049268574425,1.1530823367449645,1.0004487573617644
2692.8213863864253,2852.9332438735605,1.000153614407417,3214.8566658646923,0.9999838579020802,97301.03393242958,97580.795055674,0.9996132301402728,1.1520842137199723,0.9994159364934422
2659.9017474093457,2820.4421071270554,1.0000518966375653,3178.6326461864383,0.9999419956863579,96066.59384336986,96119.64501125287,0.9998449715663471,1.1529735066346931,1.000725213379605
2741.9050800956124,2905.772295087122,0.9999438244956202,3274.253914996992,0.999903892893537,95754.30782406643,95818.28491669662,0.9988064195211319,1.1526535755640048,0.9999167941592664
2669.4945006896073,2826.7645464369275,0.9993962090058426,3181.1494266582554,0.9998438386561747,95256.08910532127,95493.45376707161,0.9990594797356741,1.1535009677839254,1.000259105360962
2714.8018364720533,2878.0286562600427,0.9999000749968987,3244.4009129187866,0.9999026547146316,96382.38100378761,96587.3852205702,0.9985764015654177,1.1543480851732577,0.9998952131122041
2741.5933625994785,2905.131332871758,1.0001586048382205,3275.1903054907093,0.9998100353878798,98084.85201510938,98439.98547714183,0.9997645314587246,1.1540588153309776,0.9997142247297264
2658.3470942919384,2818.5538236502134,0.9993985641805645,3166.067745039581,0.9998956472630667,95851.53031364153,96117.21015804012,0.9972467625948572,1.150498956018292,0.9995365968185272
2764.355233404291,2931.4341930009787,1.0000639024468476,3302.1974182847816,0.9999972018587785,96444.90558752861,96633.70730617164,0.9991701098471308,1.1526715515259043,0.9998308445687883
2827.1844084879804,2992.35103987819,0.9999829434393588,3375.356652406372,0.9999188775239235,96245.74636503712,96202.55316151626,1.0011601696356265,1.1524517629632964,1.0003971258237925
2503.103420098605,2654.4090192927556,0.9997259292030104,2988.2321756290185,0.9998752223253229,91474.84657049367,91440.83799011655,0.998860094892367,1.1507604428717801,0.9958510503308401
2495.315451693047,2645.6879655574426,0.9989297727310723,2981.820571920003,0.9998680504636228,88615.62195945179,88780.48795818475,0.9989067377878015,1.1539498878919225,0.999204288359372
2325.853934699374,2467.3157522654637,0.9985319980806387,2779.134640146023,0.999867170565736,83778.36892854981,83921.08891950699,0.9986336609843098,1.1515454289585936,0.9990630613599579
2305.3229378029837,2440.119167321344,0.9990511222032294,2747.921720082454,0.9998958101649879,84578.52955594631,84705.23273102088,0.9996273278453428,1.1544155592611673,1.0006171317086003
2235.204208608959,2366.1574427664104,0.9994450907291423,2663.5068807987923,0.9998538941795755,84245.83336610765,84420.84798367068,0.9986138972090374,1.1537376376124244,1.0001414001340834
2212.8243514969954,2346.0293063620356,0.9996008408280193,2637.7433063775784,0.9998861322401656,85726.2094457164,85982.71448488084,0.9988058900543804,1.1570593175032875,1.0000169825009897
2517.3382391622977,2670.4406441129026,1.0000712083606202,3005.0521615237317,0.9999710558581975,94030.64986769942,94205.84417211924,0.9991044602873753,1.1559726724373975,0.9999883459868755
2148.199533470228,2282.3908592048365,0.9992530350286802,2579.1616777511995,0.9998166810872576,86094.89701841907,86202.88778495077,0.9987514769358283,1.1514996934912776,0.9997126192097334
2171.496943535016,2301.2506443904617,0.9997747181371494,2586.6059827270296,0.9999116978637251,87060.49759293933,87284.46091204481,0.9988248309506988,1.1573335265295404,1.0006396839723295
2241.3841149187283,2379.895863116585,0.9999746197251654,2677.5097101187266,0.999861315158062,90487.67961197303,90647.58179647944,0.9996257968009953,1.157576671803593,0.9999734286179555
2202.3207363495417,2337.7535566136853,1.000018773779285,2640.1333252634754,0.9998821076116345,89882.82750728283,90026.88892288021,0.9990856578001533,1.1580045893733735,1.000086474829644
2140.7498089428914,2271.2155593970315,0.9995706677016682,2549.871598202244,0.9998566340821032,86592.8200803253,86798.33516010965,0.9991671284344907,1.1582498668222692,1.000316332455585
2199.9995000805707,2333.4380454300303,0.9996766806828237,2639.4261576994595,0.9998551342267175,86110.20267754201,86082.34818536844,0.9992917062959622,1.1571221754677306,1.0004014040985174
2017.265460184326,2142.0283340281685,0.9996936236619807,2434.2794748067986,0.9998714600140522,80518.54323069408,80709.82868958006,0.9995576965680817,1.1566894120340838,0.999899216187025
1879.1231054991026,1991.6234279688465,0.9993765282172375,2239.8227646842643,0.9997934594528367,78618.2069465747,78816.343562286,0.9989791369285881,1.1546493905870086,0.9999234342608134
1921.3099227587034,2041.6814048633407,0.9997313886240716,2302.962679732841,0.9998765615988634,82575.1333793391,82723.86065618017,0.9992602129897138,1.157645371540043,0.9990278459665453
1910.6551381032464,2030.244331650147,0.9997426862936465,2281.824066013165,0.9997975216017498,83692.04992881804,83875.30933686603,0.9994102747411848,1.1599045007627173,1.000130963106174
1862.7949366490388,1977.5850923346748,0.999535469471366,2229.0867867258708,0.9998720286025311,81053.00686040688,81118.52910101999,0.9995451071840307,1.1586790717437774,0.9993565491878231
1910.6662703455045,2031.055525144689,1.00000939408902,2290.9110467482737,0.9998949956984708,83864.77098484337,83981.74407963389,1.000001416092117,1.1594297552006043,1.0006515477100386
1939.7856881721348,2060.2004671342997,1.0000189048893415,2327.264948121296,0.9998990187011486,84234.49093253985,84359.44332735387,0.9999237372060116,1.1587001362216256,1.0007616137341941
1887.7643429692785,2003.2292618075342,0.9999001217350174,2248.0419548361915,0.9997980209524483,82410.32309890064,82582.46295241841,0.9995296838204502,1.1598702376007735,1.00222935994296
1929.1833577618722,2048.8919222127065,0.9999317742810434,2309.6081182806556,0.9998685184528096,83864.03687535846,84039.78654280727,1.0002174232013499,1.1591238516713631,1.0001301284392565
1932.7964059050657,2054.5288594317444,0.9997951704482085,2311.9980762243777,0.9998537762109126,82605.15289887042,82762.90589694776,0.9996153494686342,1.158824025170235,1.0018511338873717
2060.728601068271,2190.033261567252,1.0002512445330827,2467.2036115367373,0.9997992264427935,86603.31629310567,86763.387684482,1.0004260711331412,1.158475776268505,1.000236034701001
1980.831780524645,2101.880109917163,0.9994043292054364,2366.8076918830884,0.9997994717694941,84048.15701428599,84222.77882255818,0.9996642143663654,1.1588524625630723,0.9999760686437578
1964.5293833168294,2087.3893095232775,0.9996326144792497,2354.3066172779713,0.9998961094358574,83966.03838219483,84032.67655483873,0.9990346034166828,1.1596030200752467,0.9991311534098497
1979.5449257665966,2101.9116867510857,0.9998312897865619,2368.055800065639,0.9998934142288918,83648.61338737381,83760.26827580328,0.9994956111436051,1.1605499319074197,1.0001075041759222
2001.0470230951883,2125.924546831192,0.9999640741708669,2394.0551635835363,0.9998605920972774,85692.97204139724,85759.58432361658,0.9991400706847239,1.1605110247410702,1.000694035118981
2077.739325831977,2205.9503545564276,1.0001710876347953,2485.1085405927506,0.9998694584454013,87083.07905936796,87308.01325474992,0.9991461920499398,1.1622881057156687,1.0003892533430747
2068.598435049149,2200.547163009835,1.0001682617664287,2476.013027508171,0.9998724134989011,87334.081612217,87468.33873583183,0.9999569784923746,1.1605558107271574,1.0003875908129174
2009.8835432902426,2135.7501236906623,1.0000800620713957,2412.9123281049037,0.9998980654962645,86813.11079302822,86908.09026356699,0.9997120158799194,1.1603874576417157,1.0003048206127225
2003.3034241292064,2130.7853155813714,0.9997458571858368,2401.111272259618,0.9998938751329984,87113.67121288124,87243.53356634021,0.9987770492612891,1.159871782261501,0.9988978893602924
1896.9173600459985,2017.6292453873377,0.9995155167001366,2255.626432232026,0.9999837951571748,84256.93963772366,84328.81384121279,0.9992241616921249,1.1604554852328595,1.0006527646289571
1829.2745211803463,1942.7750711804865,0.9996714495604069,2183.7980043252296,0.9999722467288958,82498.0379498523,82597.59355368782,0.9998903527865795,1.1646332461809406,0.9999561572251919
1805.3378779435934,1916.578175169918,0.9997883719976657,2159.68301437388,1.0,82099.79441532686,82259.03803172114,0.9999136825006795,1.163909322387621,1.0014919105585562
1824.2071367609847,1940.1463267656418,0.9997998177062254,2185.2598010137754,0.9999896901042371,82381.3004013079,82590.40137727461,1.000048094984478,1.164630873088734,0.9995070180331724
1907.1671522994227,2030.0741553850585,0.9999825753524252,2285.434269922084,0.9999507081548138,85140.84752821118,85234.59579314133,0.9999830306326969,1.1639147632640392,0.9994247683096812
1795.761850567479,1907.5994864459835,0.9997656585778126,2146.7655414764554,0.9999075178643319,82414.47800411211,82483.19395332132,0.9997716628921501,1.1657439587367597,1.0004288059647923
1818.2844199542053,1932.5199194342558,0.9995717120873867,2177.286609161134,0.9998883692291609,82901.08007523167,83146.15545431494,0.9993742695477866,1.1648353084227148,0.9999816202269095
1814.4807753449506,1928.3878026174625,0.9996464752028551,2170.7171751573183,0.99988938885375,83746.18275135412,83818.06523769141,0.9989262575674732,1.1652519898510552,1.000066832109815
1809.935827172196,1920.1675307107896,0.9996046941096939,2157.4429985488155,0.9999331629894682,83403.03935305018,83559.01642155317,0.9992639437558162,1.166048411585699,1.0001090534580206
1574.6321611455576,1675.1598679070562,0.9991203233591898,1887.2303074405174,0.9999479409440708,78059.09049861485,78224.74611752613,0.9988780023448268,1.1646670129273151,1.0001833313201665
1555.909812570873,1654.848025133517,0.9995898515694867,1865.3601605121496,0.9999318526382561,79084.76647683982,79194.10759049299,0.998892526928643,1.1601007838312933,0.9997566776386588
1471.3608854365523,1564.5366733820183,0.9990462655067889,1761.0421303697822,0.9998881783890707,76228.70595363599,76303.13568097552,0.9988052965334401,1.1624992762147814,1.0007515466381929
1662.5331604641576,1766.1176694136102,0.9997621498962729,1987.5746452259948,0.99991514849561,82558.18080991991,82614.85523803734,0.9992938743676242,1.1630916382637335,0.999946310643398
1523.928624242526,1614.9290944777129,0.9994140897807697,1818.408593466584,0.9999491868771053,79566.55991752022,79631.01949492647,0.999063541758199,1.1631722726516271,1.0005911744140663
1568.131690125936,1666.7817057999905,0.9995302194711758,1877.074161408181,0.9999829246535156,83373.81542323547,83453.46594707166,0.9986612497243684,1.1639183994865718,0.9997091621746831
1645.8625733156498,1751.6741185418066,0.9998949278588121,1973.7205434173427,0.9999731260908817,85185.45501473919,85293.5078149824,0.9997166169973164,1.1641684070405625,0.9994041262352414
1595.4227460001084,1694.770933445938,0.9997121178272996,1905.1576979097676,0.999898582350066,83563.88086977127,83699.21476546586,0.9984386172746967,1.1643296839779091,1.0009370502963755
1621.543195596693,1724.648815420552,0.999933424815005,1941.9283010790118,0.9998955092500659,84381.47488967814,84491.56778059568,0.9988717513681001,1.1650490100916875,0.9999706992640326
1587.8222244021401,1696.8209725849192,0.9999497641798489,1910.6630397862505,0.999896199107263,83492.83357436673,83634.47841557708,0.9990691769510142,1.1655366050573428,0.999672885415471
1577.7073516760117,1683.003802135011,1.000002611700067,1894.0998965756633,0.9999842196107162,84164.31124365093,84081.60506975689,0.9993030377363141,1.1651717045638494,1.0000218156582328
1583.4764497002345,1686.7587372260102,1.00000586634771,1899.409226227268,0.9999863332853353,84768.14924410527,84910.44050866205,0.9991171647278084,1.1653532203829176,0.9992715313710892
1589.1516208270755,1692.7584502892112,0.9998455446122065,1906.56546436272,0.9998877566963064,84486.24154959379,84466.73252137257,0.999176023373943,1.165514007182232,0.9997400678619583
1615.0502549158562,1721.985020081843,0.9999083639300109,1939.8183208435269,0.9999059314441625,84979.52192108906,85101.95753976855,0.9991858881327329,1.1657651929737345,0.9997903684634148
1585.4600253443446,1686.6571309455005,0.9999760948031948,1899.786553500901,0.9999937282175457,85016.12338530358,85090.60549347942,0.9991337494629425,1.1659563942411464,0.9996657341431673
1577.4465595922347,1681.2215962681857,1.0000096563092031,1892.919674726961,0.9999295268412306,87325.33054406544,87411.91306359388,0.9995711782082927,1.166121389077412,1.0007559029601916
1759.7064599311093,1874.3557809750491,1.0004298063652504,2110.158331174251,0.999948040635173,93444.15126546746,93414.28384855307,0.9996856147741638,1.1668203778808155,0.9996496214840399
1793.969849485534,1914.3986358422565,1.0003852686057302,2159.211701362817,0.9999844241548552,93525.00328215655,93567.35035551905,0.999798692996587,1.1675541740755027,0.99997975405319
1769.3925107354407,1879.6429692751524,1.0003890021201753,2122.6175880516967,0.9999750658954055,93791.78289522168,93922.16649546851,0.9994821911021932,1.1674056243911555,1.00004520850116
1788.7981804331257,1906.3752338228423,1.0006110387102658,2149.368662033195,0.9999995370986379,94764.69056609615,94800.73626497328,0.9995497929889596,1.167790879053655,0.9999513750039107
1821.2695303291391,1937.5974684143293,1.0003249262539928,2182.484989782466,0.9999986048754816,94657.70530600734,94678.14218456452,0.999152189657718,1.1678029660407694,1.0001851468471041
1793.6918440730135,1910.9374198456837,1.00033375492636,2152.715847896308,0.9998999514177543,93762.43384636933,93817.45176429198,0.9992778669995322,1.1670729333966536,1.000025465401394
1799.50191449199,1918.4827620566655,1.0002202294721647,2159.418353795011,0.9999802998301959,94905.224833607,94947.42430543451,0.999431132821863,1.1676318721514614,0.9990373085167612
1796.9720456768928,1912.581003912594,1.0002713897319473,2154.1193442531794,0.9999556644692158,94139.98750625431,94272.10222059215,0.9997067009795948,1.1685941852647461,1.0001732928388063
1794.0495408617828,1912.3738113963373,1.000085396458574,2153.41802049333,0.9999627786270868,94103.94726195285,94251.46666018428,1.000268830492473,1.1684216679795456,0.9987513881620954
1838.8543285925753,1958.3583153450936,1.0002902932609476,2205.624669275751,0.9999635274804305,96197.64098386782,96463.32087712969,1.00034604075479,1.1679880681795918,1.00008641747009
1841.427590836958,1960.5443171849452,1.0003720380689882,2206.5130180606357,0.9998998519590344,96783.39749947241,96877.44558015703,1.0006916330671063,1.1679394865125612,0.9996214889999103
1834.501911876416,1955.6103798017932,1.0002291163925612,2202.6161136932305,0.999937736431367,95817.18805563007,95938.28194630277,1.000822992599778,1.16819732541803,0.9994565436370372
1808.156093844096,1924.919499181,1.0000388198237913,2170.7985195424894,0.9999975405584395,94177.74651809072,94284.51964668302,1.0003883915038172,1.1677418211049866,0.999827285457533
1820.0044598893596,1946.5492367107768,0.9999183177679312,2193.7279163815438,0.9999773199852275,94859.34510166693,94743.55074006678,1.0005338573514304,1.1690283232357026,0.9992568894631975
1816.1686943818438,1935.6700776136927,0.9999414709946485,2177.0465170823722,0.9999014817630761,96667.0521240632,96714.76832103833,1.0003349739573046,1.1689143430618922,1.0001667324248957
1810.3169269284476,1938.7463616300658,1.0001813000419701,2175.2485098640836,0.9999593641301138,96841.63406761974,96958.39839788918,1.0007488610397244,1.1688752117569496,0.9998405727805149
2197.5611893238784,2332.1193513568446,0.9999326461630238,2626.5325768675034,0.9998971876187515,102953.4716329456,103119.81162778508,0.999779786939259,1.1706392338010265,0.9998802438689051
2341.407963002621,2498.04004359842,1.0000674187168492,2812.414686396233,0.9999006044323925,102862.68245094782,102900.62328881798,1.00052776376604,1.1708351589989883,0.9997912682617546
2583.6829051429513,2757.9388003483887,1.000084338434013,3097.0876540826694,0.9999441334184268,104365.73627161184,104627.96804859799,1.0003963983499704,1.171174138866792,0.999132127125221
2507.4693107597423,2679.225922551669,1.0001889600333305,3016.1324479969,0.9999971273695785,103956.62768164859,104114.31362458784,1.0004575117215138,1.171645188952879,0.9997598712406967
2492.426391077375,2658.60356572683,1.0000362715451414,2996.619939838925,0.9999763076284792,103006.58482832085,102925.37009983521,1.0006327642843507,1.1723596843029982,0.9998515209600775
2676.639163127913,2855.646492015785,1.0001320179941608,3222.3122563462834,1.0000010178383059,104027.6043012053,104093.6019968848,1.0004362861356717,1.1720022292455863,0.9994256437546707
2603.7180887199615,2774.7399128903753,1.0001635958929476,3123.0529733086637,0.999949465385461,103322.54385171655,103514.08821008063,1.000244927169381,1.1721122141504063,1.000263503574981
2542.296692466797,2714.8502172091967,1.000133593656696,3048.999697968171,0.999902298068884,103538.56460977765,103760.09266926159,1.0011040181494486,1.1721400562370599,1.0015906750981922
2544.3870377235667,2723.129740678526,1.0002154837976236,3058.40026014248,0.9999007264104943,103475.37377523552,103736.10874993831,1.001251445762376,1.1731790497153722,0.9995825799565626
2475.0543933696913,2639.0565532396763,1.0003034339013903,2972.366243432641,0.9998996603823109,103069.8357242964,103116.74651456984,1.00045881404249,1.173222267318592,1.0002624987239803
2465.3409856139087,2614.0293188748315,1.0003100276018133,2950.584757855359,0.9998672306969721,105851.03849783888,106196.27356142785,1.0003329384632758,1.1732310799903287,0.9981619925357258
2526.989643891319,2699.799441190426,1.0002580445896923,3036.9770333864035,0.9998580108986679,105489.91739076261,105651.26529113251,1.0008599597290682,1.1729873061316987,1.0000487642824898
2524.2743433146065,2695.8766359759984,1.0002557843757724,3035.694233403156,0.9998333071316389,106438.23032752181,106637.07495587354,1.000362604606278,1.1737734067983014,0.9997946498134047
2558.9502343769486,2734.3110356650645,1.0003630194083748,3077.7767596489093,0.9997754173620144,109465.84135375031,109513.48741001004,1.0001787989368551,1.1741113052494505,0.9993018979307736
2657.1674447566115,2839.29329234641,1.0001861220516468,3182.105627976306,0.9997832831167499,111202.73646736733,111613.76823889432,1.0010422975866224,1.1733958773732018,0.9999665285341628
2519.813809045145,2698.196011760664,1.000092076028757,3038.7893247445913,0.9997612119273768,107249.80517208997,107273.9194929886,1.001359133374611,1.1743119979926606,0.9997800399080027
2529.4429842284353,2698.4610868107657,1.0002022766014327,3043.529024385439,0.9997985216168367,107637.70723873362,107732.97949463055,0.9999875997623432,1.1739492339949475,0.9995088118559176
2546.6201163370915,2714.453095545885,1.0003417873168594,3058.640734742087,0.9997871665879619,108614.2505030203,108747.51690485979,1.0008099267643287,1.1743155619243864,0.9998417223595297
2562.1729286392238,2734.0854617541063,1.0002640914987955,3083.8543575168023,0.9997886714957062,109004.3023338958,109456.8107297884,1.000626060494962,1.1743853373261772,1.000030015368148
2662.0940568241435,2840.5279584263785,1.0004200223221857,3198.9988961753565,0.9997645882598158,109063.04871315882,109041.77210979977,1.000352452216799,1.1749740800085562,0.9997652186232364
2676.2674124507,2854.5362008329107,1.0001814586820421,3219.2434601125456,0.9997839083422009,107806.88471857918,107728.25764995936,1.0013451862689817,1.1750868512381178,0.9998722514967013
2633.1392065286695,2822.0201206245124,0.9999495541528401,3168.018406081407,0.9997843066845683,105498.38507199913,105436.32033141727,0.9994577262559433,1.1737065368048905,0.9998667907593244
2524.4762348050726,2692.389647174792,1.000247715130016,3031.6142339036287,0.9998677569428971,103841.23190774467,104010.19408141855,1.000310704028202,1.1748374653750513,0.9996759158698023
2532.3627853090866,2703.9827378472346,1.0003264594318246,3050.479463465255,0.9997716021614228,104740.19030031531,104725.53343021564,1.0013189537688636,1.1764679811234005,0.999896880390318
2538.3300584367485,2713.4850549216826,1.0003716820883177,3059.282696587323,0.9997964452787363,105516.51179375773,105667.72548332025,1.0008953427047045,1.176596816028855,0.9998247806844899
2609.737253959435,2783.2112070135972,1.0003849075983908,3140.113598219517,0.9997979135082776,105857.70584575269,105917.10192399014,1.0007340360130028,1.1763204094222222,0.9998301271838012
2595.4689570062997,2778.9553740659194,1.0005530007046008,3126.0520722936553,0.9998092918813778,105369.70889887188,105448.47266965469,1.0011762113681464,1.177364140270872,0.9999605285953521
2610.343189828259,2789.940807495137,1.0004200584852525,3137.4890309846346,0.9997757072803419,104647.962117204,104834.63597442473,1.0013385499870238,1.1775205900901864,0.9999084662239167
2421.601103763502,2588.4163040302537,1.000360290202957,2922.4653317923635,0.9998132217813942,101686.53215416454,101731.42234899252,1.0010156404471338,1.1768473672621047,0.9999579275168061
2481.4039836690267,2652.4984281155484,1.0006511503587576,2986.7885610488306,0.9997797245091586,104485.46026332983,104538.09429888212,1.001687830213171,1.1780280700900838,1.0000578185089257
2526.291995889778,2700.5414795578135,1.000430700769271,3043.227984883623,0.999776979824994,105676.8796711252,105700.96967997176,1.00092774323292,1.1779015104534172,0.999791160525472
2508.784123584585,2680.693417876104,1.0003473899852149,3020.9197859471597,0.9997657971921916,105489.28577420597,105614.30234953902,1.0001394405168964,1.1780295498072166,0.999114926639179
2685.0001850413178,2874.281827995183,1.000286795454842,3235.6230401051334,0.9997682011657161,110054.259484131,110291.21675149015,1.0010884114014886,1.1775469807185075,0.9996826055773943
2808.503208314919,3007.900011632293,1.00006453655806,3388.1090887577234,0.999781857788602,110266.38569729491,110244.661017758,1.000957345937149,1.1781745694694126,0.9997251263316974
2776.1371915822333,2963.5369101895412,1.0001404992361649,3344.0058436335376,0.9997887544418851,108580.94170578528,108644.73048980639,1.0009280001839072,1.1780856913930713,0.9998157197128626
2653.158968452672,2837.0317038230855,1.0002698057743862,3198.0852064241562,0.9997977525276809,105877.79118626309,105893.64933801918,1.0005730280900713,1.1768351924073308,0.9998316594495684
2577.04861752583,2758.7361698226264,1.00031779192818,3108.9659367491627,0.9997176349513065,105966.131119303,106022.54070398615,1.0006070344393119,1.1773690002256534,0.9998369887137682
2534.0702195359518,2709.787541422987,1.0003010126168363,3056.062504165805,0.9997031713415484,105418.57093229842,105480.64593217603,1.0001428503755267,1.1770929192937263,0.999918257249779
2547.8456040920437,2724.7522712851123,1.0000315872512937,3072.2014861145117,0.999751625691284,105441.49480725655,105574.34436627959,0.9999887263205709,1.1770100459213686,0.9998734599642919
2561.329843569428,2741.340887925455,1.000366762933256,3091.535262734795,0.9997027573868028,106994.38016298799,106929.73516330686,1.0002074237780578,1.1769210444535323,0.9996689257525709
2514.986700576147,2691.29138437753,1.0000213122909019,3025.1645505510605,0.9997983896963407,104716.57616853649,104816.05898040731,0.9999003923247421,1.1766080116379123,0.9997215383683853
2521.3334233964915,2698.251954979154,1.0001544327405687,3036.8258333588205,0.999781719163319,104798.9432337692,104739.78080513504,1.0001033806522694,1.1773439355937363,0.9998694404721242
2522.1791903642184,2698.6312257290206,1.0000575884313008,3044.1064663782226,0.9998256627536266,104610.10324243606,104675.7378840037,1.000354851807065,1.1774179136030645,0.9998895935234364
2405.695434213183,2573.996903542013,1.000016779381578,2904.512202796983,0.999803995259687,103266.31527466957,103295.7505796903,1.0003789183961889,1.1773177199968636,0.9996930932417665
2270.581996055585,2432.582312691011,1.0001771868169653,2738.0817687304307,0.9998076516808256,101414.44124840596,101696.37645716524,1.0007500086040484,1.1774217044953166,0.9999012726548011
2227.4287266371684,2384.4093900085445,1.0001760035164122,2686.870846253242,0.9998077845643004,100759.5947569498,100844.58371390603,1.0003667640207694,1.1775838210140586,0.9999098761465435
2423.899644268608,2595.6150224794324,1.0005680858193842,2922.163491498444,0.9998120743156017,105359.55769143735,105489.54326395084,1.000801281252929,1.1780365989096906,0.9997772448572296
2446.539301545049,2616.578528568313,1.0004180868065167,2955.854377067005,0.9999241459942869,105999.16161810719,106084.61676862338,1.0007985196965872,1.178369487983836,0.9997452160560047
2417.2267855277296,2586.2887800503136,1.0004815192680219,2913.3364803099234,0.999865772137308,107199.7974679911,107240.83962657563,1.000392921185853,1.1780604723144557,0.9999720310257008
2415.031864876594,2583.6365807844422,1.000347010938295,2905.1297646660596,0.9998715914547359,106797.56600067233,106904.02528717542,0.9997825728206486,1.177426881293148,1.0000067820631164
2423.0302896731746,2594.2925543985766,1.0003368979263507,2923.1964342142123,0.9998050971712736,106985.36394562377,107177.82174150729,1.0004541284159045,1.1770226406080138,1.0000800159786716
2437.133001780241,2609.5352593447733,1.0002750130398774,2941.0663126639115,0.9998464724105051,107183.79528088238,107283.40172880644,0.9998918292103148,1.1767952995444635,0.9998289187456725
2502.6672721177083,2681.1893405844526,1.000122333337896,3020.8006321600074,0.999804914314648,108311.19589638436,108402.67148429145,1.0006085405120697,1.177845710597088,0.9999916240921641
2488.190781689803,2665.357116899452,1.000208290221961,3003.7519999517813,0.9999024271641508,107038.49116285608,107150.92909339452,1.0001854640853507,1.178039053258692,0.9999274152746196
2405.1045592800183,2573.638583608694,1.0000827770589626,2897.7567639918266,0.9998375285232088,105595.00945579523,105706.43413143151,1.0001399685751873,1.177542052203342,1.000021814744251
2574.067718495133,2757.3017533522675,1.0003296838512101,3113.6734484401004,0.9998057127683815,108744.1148789673,108799.15215099568,0.9995805131352585,1.177976654454332,1.0000502845237853
2590.132231590221,2778.0607294119077,1.0002529231468722,3125.886254200322,0.999902314438496,109555.79353294383,109573.20396813992,1.0002360148025236,1.1778163852476002,1.000121891087817
2509.236345783362,2686.75026676078,1.0002100728429393,3026.662510117289,0.9998050337453583,107892.80744817255,107992.59580317003,0.9999687049427893,1.1781312122267544,0.9998626741643748
2517.37917835065,2697.816804369716,1.000160308294955,3040.31769214307,0.9998716883431156,108158.43341003498,108180.73656948701,1.0002438549952593,1.1780952601144907,0.9997298605286032
2571.358192115984,2754.6845163527173,1.000049609924067,3098.46664753892,0.9998568643871153,109230.27194452178,109234.59272792179,1.0002434015982886,1.1781877493342354,0.9998229887924089
2543.6317028067488,2725.2032697488366,1.0000093156866026,3068.5565843008767,0.9998033837830906,108222.00403327969,108274.40351689912,1.0002522862756742,1.1786423340190877,0.9997664910744191
2615.7759888945047,2803.106864067269,1.0001143731514475,3160.0598754048597,0.9998851345675297,108892.42432300356,109004.31689977035,1.0010161834951312,1.1789545591921833,0.9999909857281284
2772.5795626609174,2970.179265514886,1.0002437201767664,3345.6078610153486,0.9999443646731304,111326.11343116153,111294.83619064251,1.000097377807392,1.1791663194412232,0.9997999215770826
2948.4462027029053,3164.0780432979195,1.000020355197814,3564.4651850585205,0.9998061845969209,115812.72970640656,115943.14888248658,1.0009081834048053,1.1780736589614744,0.9996614869660043
2958.8514450990992,3169.5585931098813,1.0002379276948352,3569.3237485046634,0.9999442947607905,117356.91858211596,117581.41751754058,1.0008345663629226,1.1790267495443898,0.9999736985112742
2942.9616055388096,3155.140410778982,1.0002185609712217,3554.2767713517574,0.9998659112862894,117217.52152999859,117314.69918721232,1.0008620008355418,1.1789926792408463,0.9996151372324966
2974.2654952333387,3188.911760576307,1.0002981074921349,3596.3723536313514,0.9998965750627202,118880.57038926499,119165.83586712538,1.001859360350995,1.181073284662684,0.9997894723002761
3012.1797069059276,3227.295515020566,1.0001190394259274,3637.787952406264,0.9998919940977691,119603.24680470166,119784.41461159216,1.0007981251116658,1.180953473686915,0.9995425690290733
3133.069857747011,3357.8461995507,1.0000324475220275,3784.3769756541788,0.9998989754460762,117535.29717743416,117696.1493560418,1.000174720798272,1.1815904814951883,1.0000248439785946
3368.126521526108,3609.2841034470152,1.000413034018476,4068.1770771354627,0.9998597237461274,118768.42256389647,118805.30709315973,1.001227474564492,1.182542644070548,0.9998565567467562
3481.8828152374017,3730.5655778478445,1.0005948487774843,4197.441962598577,0.9999024627613528,119259.59568170497,119465.96807194193,1.0014098578637947,1.183690261065289,0.9999289822556334
3547.317079001209,3790.2068074841586,1.0005121935682277,4269.978422313293,0.9998318627076013,117881.37501260059,117996.65244369926,1.0019064911308788,1.1845037096693707,0.9997812841351402
3594.3185010809702,3848.9737196353153,1.000442922095366,4339.030413400529,0.9999005128037717,117703.14127870575,117857.1265409171,1.001188225077805,1.1842248375249653,0.9997185083652875
3758.605581813957,4023.734631145518,1.0003982951451216,4531.3743693703545,0.999899186643763,117266.41581420325,117251.08469739655,1.001310479681812,1.1844503149397274,0.999588341098321
3765.453624023574,4025.5495106311496,1.0003253410311788,4533.039154087991,0.9998830061052163,117402.645086908,117448.51861401727,1.0011744072026225,1.1843200140177998,0.9998275518016204
3746.9406687316323,4010.757840625154,1.0003683807421098,4511.380075943379,0.9999035492115194,119971.26210149084,119994.04696660061,1.0014129043899944,1.1850857229241742,0.9999145672286738
3630.053531480921,3879.526847009112,1.0003665884315096,4374.761100502972,0.9998059403333254,118466.71277139678,118621.49389111505,1.0011404524684195,1.184905252482407,0.9999637459281076
3708.4299352383423,3969.7829094828912,1.000405404581935,4474.188558075162,0.9998108603801246,118245.64084245362,118309.89160486375,1.0003633081788195,1.1854917484995695,0.9999004485992654
3723.0529092785596,3991.885502064353,1.00001857339078,4486.424026013802,0.9998144926441984,117471.72646321479,117727.02358573636,1.001089957813557,1.185304607474852,0.9999630131641575
3742.4314258659915,4015.6959047039354,1.0002304819882168,4521.0833853365875,0.9998130172836235,118154.38470570726,117859.53924832668,1.001956072631829,1.1858470702031463,0.9997496240811538
3864.1248374654765,4149.265448722627,1.0002490520064742,4678.27134213095,0.9998259487427873,119440.72684148606,119394.14401147404,1.001318096145327,1.1859550782332533,0.9999360085298707
3786.303845995956,4061.8980749099383,0.9999392300020177,4571.230477105861,0.9997563804100272,117853.69533721592,117874.99364726713,1.0003980405370523,1.1859506141356027,0.9987046857654636
3788.5983716058226,4059.598777790599,0.9997850775942497,4577.491841564121,0.9997886549197438,117468.20974053365,117832.6058383536,1.0005087779562198,1.1860255139829137,0.9997420075349959
3807.4166010824188,4076.0594636880132,0.9999018266880995,4594.098270156513,0.9998279054723977,117634.00123961084,117845.31241314772,1.001100278648539,1.1860030887612387,0.9993174006154594
3696.6628530851194,3959.0474443661715,0.9998539683378429,4467.4839821626965,0.9998022020632803,115622.3109580662,115707.75233584619,1.0006255086121767,1.1836349588338801,0.9996231256660667
3483.1789551579504,3731.250589743084,0.9995568348474042,4200.096809525507,0.9997574850493177,113251.97961270518,113180.44541311068,1.0004520967151198,1.18524471320461,0.999969587469889
3397.4855484143177,3635.977838028788,0.9997523208388738,4105.257478129803,0.9997225166945966,112513.21618668617,112609.4653805031,1.0002739415768418,1.1852979935813166,0.9996294189350401
3497.573127822404,3749.666048774477,1.0000266512366076,4226.9021936896415,0.9997019432974759,114185.28240723522,114225.72139925895,1.0007523832480936,1.1878054850440876,0.9997277709157629
3715.7090148550706,3985.679491598881,0.9999181073304267,4473.886549960914,0.9997110650432232,114923.15293388064,115165.78082188165,1.0006346005896958,1.1879894945730087,0.9996762129822052
3612.442432236669,3873.641163471041,0.9999170725091329,4372.760176704056,0.9998025577732242,114106.50953340952,114145.0530256926,1.0008069133832163,1.1880204520004762,0.9998557647605368
3684.0459195726726,3945.451704946969,1.0001797713784089,4453.301710991577,0.9998048523473907,114941.38835692451,114995.01959991187,1.0009048733313077,1.188693634354712,1.0000802303987602
3911.2609462690816,4193.6656941228175,1.0001389419384314,4723.787351676895,0.9998019141984443,117416.2195281305,117423.15332035434,1.000909749037311,1.1877257888175907,0.9998326987665804
4012.97697001236,4300.013604371955,1.000030992245778,4756.676131522273,0.9997062783687134,116661.40349976257,116726.60101862892,1.0002943316379995,1.1864097750378213,1.000020932663758
4265.563258333516,4568.611141858655,1.000168794164386,5157.753943440071,0.9997733368186723,116476.24698483813,116558.12896916772,1.0008789434273884,1.1885973577132256,1.0001346796433648
4253.591618951185,4559.656395546327,1.0000602590857817,5136.111169555594,0.999793928003434,119130.56622574548,119273.24773337599,1.001229685987071,1.1875671121697216,0.9999406345786843
4228.824213261163,4530.522388956364,0.9999829869476258,5108.487539427828,0.9998334987065358,118474.8218344662,118703.29982536579,1.0008725275594301,1.1869407444096636,0.9997520459509676
4606.809427709522,4935.561054865888,0.9997296050669174,5564.71340439955,0.9997902269421893,120078.60441086181,120249.23845777346,1.0004994696080154,1.1863446097939514,0.9998461906903254
4763.652535322159,5106.830374049196,1.0002440820198915,5754.96574674415,0.9998074064323036,123399.93455649473,123459.04089205519,1.0006778718993177,1.1871351457557482,1.0000631457162559
4554.291501538621,4881.5997791201435,1.0006696117747134,5507.566114500556,0.9998069077058277,118471.9873383171,118482.88654400772,1.0014278670610428,1.1866404297475721,0.9998743956135148
4430.532465017841,4744.576410179266,1.0006533939618045,5346.175766983327,0.9998065075240092,117233.60830001536,117288.38400807552,1.0017403380368037,1.1871434063324684,0.999854863631337
4426.826913311333,4744.451654101131,1.0005920553104726,5346.35210593413,0.999903041764514,117486.95141405135,117481.03681260989,1.0012427736626126,1.1875249141494706,0.9998731644739803
4487.118013759226,4808.540190095527,1.0006410132241819,5427.00935962283,0.9999005838452771,117506.86405797422,117664.75042977519,1.0013471441481614,1.1877389247021137,0.9998282007670241
4317.2757573282315,4625.320116944092,1.000442851117242,5211.568821347842,0.9998117296458843,116216.81526230698,116303.13718860819,1.001054636840937,1.1880733314975618,0.999858190654266
4074.495786100515,4371.054341541796,0.9998945359369547,4928.584103823084,0.9998042486582616,112664.78115006519,112850.80523934035,1.000377151191618,1.1881656285751754,0.9998057793213438
4330.491598768078,4639.191048271716,1.0000788444692659,5243.458928045679,0.9997817763468253,114212.67480701827,114226.7792264824,1.0006883102127178,1.1888774359756709,0.9997712596734778
4224.438592580698,4518.040418538138,0.9997761693543452,5106.670586944838,0.9997952178414342,112421.4077739514,112323.02965644286,1.0004210335915495,1.1890618507692654,0.9996418397414668
4829.225541798332,5173.320076940551,0.9996892446667663,5834.522961420096,0.9997044034429591,116849.67775464505,116905.22059776589,1.000509318555002,1.1903758349841327,0.9995271205390921
4773.884088598777,5116.733717367111,0.9996401483071974,5766.10666851807,0.999808374767304,115391.06756421686,115341.83731339355,1.0002194722357232,1.1905626389820696,0.9996570837168585
4778.10916071381,5125.9913068974665,0.9999390681762844,5784.678549967733,0.9997929568752849,113669.37292256275,113465.26020070273,1.0002088492887597,1.1914675569797786,0.9999600464965576
4381.626176071471,4695.780463841482,1.00018714745014,5293.39625534235,0.999760265561091,110148.41762164613,110156.34916838349,1.0010972800441895,1.1917454637113325,0.9998817566894488
4602.369685333965,4930.996968110818,1.0001891801825256,5563.278127956617,0.9998140616869372,111881.9342633622,111661.85289958402,1.0009075789519626,1.1912105934490889,0.9997498791396257
4500.1451479982325,4825.060427260463,1.000105476419362,5446.965394285616,0.9999025150212983,111347.53622697502,111182.2375223305,1.000701089035711,1.1907423289724244,0.9996834305460756
4507.560431032719,4817.702322197394,1.00011769867452,5455.6987321454335,0.9998110320529753,112394.68658768281,112478.37596201651,1.0008081918460463,1.1918044056945605,0.9996427984237807
4364.358521430426,4683.5132739281635,1.0002180919460786,5269.433515962061,0.9998102761874875,108630.35595420765,108470.28096982106,1.0006280606632867,1.191749670891726,1.0000149322076677
4373.360357620914,4681.450811832543,1.0002107070247845,5288.236685719832,0.9998012887207978,108759.47252761183,108741.3123203684,1.0005057172179328,1.1918926121926234,1.000084023153954
4388.931464519364,4704.600439863581,1.0001597516639043,5310.287915833882,0.999807617410376,108454.832264892,108251.48076752287,1.0009061768983483,1.1923586488422062,0.9999323111886482
4303.202222745541,4613.8266794620695,1.0000806360780041,5215.8274797115955,0.9998028307188782,108986.06807712278,109109.45421366024,1.000677031021455,1.1928846418297974,0.9997193161617326
4325.856306225941,4635.048900031735,1.00001687329654,5229.744249616184,0.9997152095962891,111138.27549504401,111101.13508756587,1.0004439128343958,1.1929400366820697,0.9994268282730181
4449.8670977283255,4773.079159760669,1.0003823316647011,5386.799395403887,0.9998020379643014,111674.70504905812,111767.55027311173,1.0011377468944531,1.1941728712858726,0.9995339959284861
4298.094660544595,4614.907109020982,1.0001348551398812,5212.851204978726,0.9998103536156192,110727.56806595832,110685.21630074551,0.9998071620530007,1.1949047150595469,0.999932963703089
4306.613513100346,4621.308264965052,1.0001833753079745,5212.3222459033,0.9998057828255038,110493.2102184865,110564.9285244152,1.0005544765018055,1.1954729771935013,0.9993089081734697
4273.110024157841,4587.605548702167,1.0003779524697336,5176.42410224721,0.99984255642477,110272.67377503256,110269.29761871674,1.0007988926974378,1.1962448914882338,1.0000295097894534
4304.032421076036,4625.501284329555,1.0000219843383196,5216.514119083473,0.9998028936062057,111092.63731941556,111211.7806062744,0.999932489379511,1.19544111500384,0.9999093550785698
4309.685702772004,4618.579899782851,1.0000579293134815,5213.885007312313,0.9998021364178094,111917.68725963267,111986.65208654352,1.0006868072266988,1.19541096684748,0.9995391998610044
4309.342746120013,4632.3815957828565,1.000053656224186,5225.0255940646575,0.99970623902952,111505.04678621466,111604.83079320859,1.0009230489950798,1.196564037067055,0.999720280339627
4347.476803670656,4674.621207582386,1.0002971138909202,5265.758982215357,0.9997981376285149,114162.28388986381,113933.11932509554,1.0007239558723784,1.196424311939295,0.9999828132173042
4459.31901599882,4795.739537172203,1.000373133913673,5405.037147351297,0.9997829645848934,115403.25814828246,115441.28722703924,1.0007581217390638,1.196760768526859,0.999773426688474
4708.841744149995,5058.925596851865,1.0006552383716873,5704.806429537464,0.9997533692894122,116150.91897680264,116143.31355663753,1.0018225009503372,1.197273762814302,0.9992207947885986
4667.699652630318,5013.920861798215,1.0005703979160467,5653.7686447946635,0.9998024550055059,116077.6679153634,115963.93178601548,1.0015654001659515,1.1979217623589333,0.9996751306317314
4609.786110950785,4949.758505462423,1.0006522223972127,5586.638645747149,0.999764361210421,115322.18011752365,115382.82148625485,1.0008299587804814,1.1978358172048205,0.9994489459326156
4524.244939102515,4862.71097564718,1.000306655432184,5485.068949627279,0.999783033575139,115407.50144664591,115381.90992750412,1.0010087094203057,1.197944368045783,0.9996151341807322
4504.266635522813,4838.984264031868,1.00030329934126,5459.8660212962695,0.9997816595925962,116715.55211865174,116750.51395431721,0.9993652458239421,1.1980643537221904,0.9997830917444381
4591.768794331328,4939.799578874804,1.0003279335572053,5564.964194531706,0.9997076224494962,116554.98466214584,116500.0304143217,1.0008243618879524,1.1972427132851569,0.999787616021057
4590.6367372135155,4933.2687016823475,1.000345821394593,5567.640605719825,0.9997286082156372,117039.12094202286,117084.77472793286,1.0012741675223975,1.198384831301199,0.9996918094627479
4470.479474009387,4800.004086024938,1.0004389455936578,5417.907895930054,0.9997102821354971,115539.37162177617,115596.43859911394,1.001637505880481,1.1990328192916802,0.9997926610917004
4481.799472368209,4821.092726843639,1.0004519233234754,5437.177831397097,0.9997025687107672,115663.5121501527,115704.40730906339,1.0005457025100117,1.1958417281023193,0.9997394557382702
4452.87113037789,4789.361973193015,1.0003996998579925,5403.030633198024,0.9997020360910328,115354.82352636383,115366.80167575966,1.0001559049126003,1.1972936068887903,0.9999632128927555
4199.951774017639,4523.9345786357235,1.0008149369072938,5096.423260427014,0.9997056974114489,112720.19282123214,112713.0288288903,1.0009025739247466,1.197016958761408,0.9999094491693259
4166.1905498775295,4485.929796921548,1.00020622908386,5056.353714034271,0.9996041863358982,111861.52330217291,112019.40843316726,1.0005970398663873,1.195846158558549,0.9997104236529202
4148.65682762035,4471.418281552079,1.0003361332268497,5039.614884255275,0.9997050727046423,113492.48489737672,113486.29775351897,1.001106643258018,1.1960405818664699,0.9997760091841403
3863.0632875907245,4164.562249159014,1.000460775694293,4694.038446282639,0.9997061603387549,109169.27976570243,109125.70235803748,0.9995093935185688,1.1962258245444242,0.9996837764413011
4037.0979210260916,4343.961884251152,1.0005543213798342,4898.28146408569,0.9996986364243708,109550.77168796188,109673.56418078642,1.0004566044604435,1.1956486075533865,0.9996216476486249
4018.167453105732,4326.841501557484,1.0004491881555393,4880.632472985171,0.9996189303064487,109603.13268048059,109593.77959814228,1.000226972366727,1.1973314985630552,0.9994409584909538
4141.839664086501,4457.704732793414,1.0003198218515963,5029.480925694771,0.9997055307361046,112185.17730141868,112124.70299017844,1.0008617970678362,1.1985400792168086,0.9998625814588956
4215.61278947927,4543.7519487376685,1.0005010520102045,5121.146454473813,0.9996117790446111,114156.19464700541,114219.5657157879,1.0011883692569366,1.1986581634589406,0.9998378593520216
4144.230463371581,4465.043646250565,1.000018673481624,5035.806870910791,0.9997046145430776,114246.23073063412,113989.78189003588,1.0007567251751448,1.1986318596307763,0.9996751160436081
4343.951983440489,4680.195075271694,1.000462448524064,5276.447934303726,0.9998045987491716,118280.8992901909,118408.73455435444,1.0014271095016867,1.199375303825262,0.9996900456446401
4484.006245909478,4833.430931784345,1.000503503415681,5447.964842407337,0.9997814567152021,120710.11156886014,120720.53005851744,1.0013304463212465,1.1995034315918731,0.9998981334638305
4515.759068159723,4872.195455298823,1.000544000815825,5486.979748251251,0.9998434065788699,122183.50668380847,122241.28887918999,1.0002327558820068,1.1998675345581882,0.9999928419109498
4487.706651673285,4838.678954811877,1.0003463641728818,5453.699309620581,0.9997002982613519,122501.43972556123,122408.86395290344,1.001175205807759,1.1994443917595317,0.9995575572104362
4515.321391965295,4868.306548080671,1.0002063425022278,5487.368097226548,0.9997031715004473,123510.66687860187,123567.98169035063,0.9997567582105893,1.1992069631820412,0.9995589230624784
4689.131734746596,5059.440858092257,1.0003194654260557,5698.92618945285,0.9997414065991995,124798.90772413308,124835.60097525707,1.0017311994768225,1.1989399267290775,0.9998439893202445
4454.32846286666,4801.74338520663,1.0003888166736086,5411.729404379856,0.9996256018766565,121543.47984453352,121320.79928684676,0.9994744422367878,1.1980837459493887,0.9988252365444267
4527.578004547945,4883.198388706594,1.000223743804291,5504.048503099659,0.9996975205135418,123275.31066891988,123406.0025077459,1.0002218450712048,1.1984875518738949,0.9999448853002578
4368.649439385323,4709.567018690323,1.0005326353908706,5310.669657278234,0.99980093500008,121654.39150676133,121662.86232184642,0.9997546718436898,1.199064627917495,0.9995661699520747
3835.632842050135,4146.701072286016,1.0016980114477425,4666.20104660117,0.9997854932511728,113248.89027512465,113630.31769415185,0.9987821199672884,1.198111515852351,1.000019064388486
3749.218185954949,4048.8709305382035,1.0015910950619138,4557.951779842414,0.999873024924141,110834.47339817735,110912.15582031189,1.0005155273764166,1.197792794143913,0.9995232971896715
4159.729307791921,4486.6642122153835,1.0012064340426674,5057.916977109383,0.9999242517378707,115250.41707592715,115191.99974916043,1.0010175379874704,1.200090717090151,1.0003634140948159
4246.217461554773,4578.74045230794,1.0010448156599423,5161.5605093294325,0.9999964562425981,115140.2690388128,115214.49461970176,1.0003619534846508,1.2005217891209554,1.0000940773731881
4128.888447033946,4454.203399519084,1.0006630390150077,5020.221415964941,0.9999017446415942,113216.39329928631,113231.07996676699,0.9998776067929646,1.2000360493976916,0.9999952051756945
3983.1544356894233,4297.790465589461,1.000749398195703,4844.560748608436,0.9998015420153263,110706.95405864612,110780.99278655554,1.0001122913498144,1.1992540839090033,0.9997187846938207
3890.1993012479857,4196.770335059834,1.0004468221463727,4730.781819881023,0.9998017638299638,108098.10546391268,108101.38913780879,0.9993727240967308,1.1988925391143717,0.999445356784242
3831.244175835675,4134.514900943213,1.0007447500452409,4659.131111804945,0.9999001841318939,106603.80746773473,106566.1613056218,0.9992681595356515,1.1983068754172415,0.9999760507479303
3889.4990302043157,4194.549467401581,1.0006155367215122,4728.434991289324,0.9998039369182469,107157.6325911657,107221.26358307377,0.999414010557854,1.2001746521201018,0.9996343876431641
3985.0765644046796,4294.299242797201,1.0005786726425696,4844.660171897575,0.9998202707785887,108773.88839057166,108591.1084656481,0.9999932680150974,1.199858940244565,0.9997355331269507
3978.7901551344357,4293.997847646045,1.0005209542728335,4841.484101474372,0.9998007048891119,110522.0940769593,110562.08725736379,0.9993191097152129,1.1980077180629978,0.9998852423018368
3877.4871979550117,4180.678042347558,1.0005377258321992,4715.322697879851,0.9998077275547395,108442.70862809474,108402.96032760071,0.9997143724850209,1.2006453706361393,0.9998188092581297
3801.7907952382916,4101.122127500635,1.0003537541872067,4625.044754309935,0.9998030311177085,107574.50848816206,107676.90995218903,0.9991846512924419,1.1982857129826239,1.0001215186172867
3855.8421162401205,4161.120970009233,1.0004373425122302,4692.6556509500115,0.9998098851666196,110260.65392069375,109994.19854424827,0.9994161227114056,1.1995987800578585,0.9997124230903435
3933.232269901015,4244.402194926791,1.0003988225109746,4788.184118594768,0.9998854747634316,110927.38466055557,110995.97980225703,0.9994268239427744,1.201874430971646,0.9999084595734301
3952.213557935584,4269.447505829162,1.0003768991286075,4810.8392670425665,0.9998019433171337,111393.10810992392,111577.64213351191,0.9992184467060474,1.1989816548922996,1.000018347095758
4161.590896249249,4493.16381424513,1.000176020519839,5069.3636899278035,0.9998977460063121,114465.77522121202,114550.93664293483,0.9990261425913836,1.2014831525729373,0.9998780873357742
4123.206220671679,4451.452425318327,1.000152551518408,5019.640531621207,0.999842184903193,114128.92804854536,114129.99683707533,0.9992025569313683,1.2024157094779302,0.9996079401447245
3982.3127893175442,4302.410952130616,1.0003256637366387,4851.755677622111,0.9998075020708052,112875.88943153036,112987.45348332428,0.9994594365814831,1.2009665593622214,1.0000359659463738
3897.359267616961,4208.931807931841,1.0002963762458494,4744.855251041565,0.9998072950252083,110076.7016341033,110069.350888992,0.9994404247560813,1.2025298113930718,0.9997415137165618
3802.2953645331804,4101.256710828601,1.0001451170906006,4626.526185457043,0.9998004909416555,108195.11926258696,108167.84647226478,0.9994546271607968,1.2024068050508228,0.9999161154883189
3847.298177365196,4156.960077656183,0.9997613396310829,4686.459682713451,0.9997086074836985,109549.15946361814,109548.40551519545,0.9988232750329323,1.2017480331919284,0.9998880941430942
3872.2118961957594,4182.235463937989,0.9998818639567623,4714.6595550532975,0.99979,110076.34271041793,109946.756308936,0.9990567954097884,1.201066447022021,1.00004732512421
3910.0947691627284,4220.722914785742,1.000051051961886,4746.211505413647,0.9998089560169484,110557.32354467805,110537.82993166421,0.9996442603386176,1.2024228421926282,0.999578545875001
3600.71550248779,3881.3520935320043,0.999930831555092,4379.894694600043,0.9998042852503668,106360.80305453805,106479.37464111374,0.9990770719875341,1.2022873007688888,0.9994113137538527
3296.7437604313104,3554.368612648347,1.0000184561644159,4001.3807556147817,0.9997754376441258,101600.99068009281,101672.37792702497,0.9995542785523817,1.2012597697407865,0.9999312401414807
3427.6905913706814,3734.5193558355613,1.0000622627090339,4166.869267818543,0.9997024641044927,104329.91581549348,103975.41537592132,1.0012811946015037,1.2017798981539358,1.0033367528784543
3308.918164921951,3568.797838025529,0.9996022127140984,4025.7423009084323,0.9997035096409963,101239.35326530963,101234.09893882954,0.9989932419386911,1.199998044059904,0.9998451472178477
3434.3512285299594,3703.69627826642,0.9997038898335675,4185.843751934812,0.9999996508087408,103263.90054724176,103463.59104265139,0.9985564648531242,1.2004707777556864,0.9995610016821466
3401.4594003397083,3670.3184977334627,0.9998054172250922,4145.234477265979,0.9998015344601315,102050.14882937523,102286.34159168846,0.9991632643189292,1.2013814052982563,1.0001862592066684
3576.2547046627064,3856.6766215147427,0.9997484395404648,4356.772810104901,0.9997055439669811,104621.57759527062,104715.40254209875,0.9993684061394467,1.2018607840719169,0.9997502038698215
3564.6105957999334,3846.967680818142,0.9996030715147917,4343.126942684243,0.9998018988426187,105619.44092932984,105964.86810266139,0.9987111699301909,1.2021666982115704,0.99917802873835
3416.781328259322,3686.5842830161405,0.999349317395904,4160.297313176223,0.9997038962728055,102658.98372106008,103059.18269690283,0.9985353956962681,1.2020400232648263,1.0003116061744322
3409.6144555411624,3683.359375680131,0.9998130307164758,4155.977342633669,0.9998011325422312,101359.63390628596,101515.66903741076,0.9990475839920446,1.2030955887674344,1.000018077537305
3235.7276362968546,3493.979525841539,0.9993618044307863,3946.1191551777533,0.999781737633796,99704.8111669882,99925.9589068486,0.9973115976431635,1.203046072977635,0.9993923574672986
3106.601287865052,3370.307058224293,0.999680959130411,3797.6347037067208,0.9997938433989074,94304.4462679238,94739.14008638448,0.9985186383168384,1.2028169674464058,1.0003080995770657
3170.1129807404664,3426.7693691825193,0.9996246101770074,3862.794539545613,0.9997995696297937,95472.33216968716,95522.54969294833,0.998636121953708,1.2029807903528942,0.9997932188292122
3101.686799467,3351.940207482412,0.9993190329462049,3770.929486753798,0.9998008685518206,94163.35878704682,94372.51734264447,0.9987662393685423,1.2032487408109873,0.9993447330989021
3021.3021576301335,3266.9039606578312,0.9989341251832764,3675.8434021447256,0.9998021731929515,91790.97011124162,91968.07187560188,0.9984664222654187,1.2026490096019733,0.9997742347996674
3117.2225871583155,3369.563997888162,0.99953538731093,3797.5663637785187,0.9998043658497393,92525.59485412824,92821.98625970096,0.9986006750311688,1.2037293321270597,0.9997712937226165
3017.7483614097955,3260.372070416524,0.9991356314216548,3673.1896339974955,0.9996323820188232,91061.77047148153,91273.94210638099,0.9984904329458391,1.2035299886960658,0.9998174918215496
2832.068358334293,3060.0212986516353,0.9989084510154201,3458.288931065661,0.9997031730993816,86323.97724884516,86737.94692576805,0.9978085290969119,1.2033824711814587,0.9996487473196818
2764.735218675169,2990.8232763878123,0.9995667612223625,3371.9386815316734,0.9997108372368417,85012.494518352,85070.02409532049,0.9990612566308519,1.2042797239385679,0.9998208783349648
2768.6178294996353,2991.48295299222,0.9996011360900307,3375.5063122780375,0.9997037332843601,84494.35162713217,84763.0236510434,0.9985248188566793,1.2045737220282613,0.999514460966496
2799.8149340924633,3027.0315989276396,0.9997980455482303,3416.9310619946204,0.999703080918218,86671.60419247876,86772.75677502943,0.9987194235295679,1.2049926335702472,0.9999244688702018
2953.327645752226,3196.097103981883,0.9998949863637528,3606.5229886497473,0.9996829213491458,88151.19667841682,88301.98267713291,0.9985740170892637,1.205055221745732,0.9999061904345159
2955.046469321271,3193.042655398668,0.999717867932697,3602.742667895408,0.9996824730952604,87195.5599302963,87328.75309782913,0.9986084881278019,1.205262917856999,0.9997670523386962
3027.477249132549,3273.939609895396,0.9999518408386144,3693.1680718009243,0.9997972023888205,90262.97688215364,90477.7750065771,0.9994761414758002,1.2059833313814052,0.9999399443815437
3015.6118196920934,3261.028873559489,0.9999991140026167,3676.1167723682547,0.9997030160038415,91163.30508845269,91343.08321005094,0.999157642163218,1.2054624224476043,0.9996545917213913
3033.135645414151,3280.3326096093533,1.0002318385773636,3698.969263015842,0.9997029420362908,90684.1948729178,90970.08926772879,0.999471805881425,1.2057516121886023,0.9996212567696408
2991.2330117032593,3238.2865956631526,1.000340907895428,3651.279641667538,0.999822788403676,90608.27318129559,90803.73096509554,0.9993588197259281,1.2060138722793798,0.9999303187429223
2992.8341859495977,3238.666383547017,1.000181306641648,3652.2303979641674,0.9998089052386435,90204.22997677224,90607.54627652708,0.9980068232467317,1.2058670605108879,0.9998443427774576
2799.0367919901605,3030.4526641228804,1.0000558497195582,3418.196919758065,0.9998021969217399,86325.88020420143,86421.49697753115,0.9991388959059406,1.2060827166798593,1.000030429058675
2995.751149322771,3245.5280759823854,1.000344051827248,3662.467004303191,0.9999004027555739,91118.81770702438,91727.39715183806,0.9991059274175632,1.207098033305758,0.999901327641615
3195.4089919085554,3459.18387855375,1.0002864445960538,3902.0622762487105,0.9999001763007447,93517.05040282375,93616.1819367315,1.004530839477905,1.2077083084031652,0.9997561902214739
3133.698235618616,3394.0876217098835,1.0001821287427555,3827.2658779124577,0.9998048293821209,91904.417902608,92129.3555845122,0.9996414055610537,1.2075837770033677,0.9996347450930007
3022.6564205232035,3272.90608090618,1.0002399211259376,3689.637434816723,0.9997055432438996,89094.98356591824,89277.57768469049,0.9993080058091472,1.2075806618247145,0.9993494513076892
3039.358573133242,3289.9277092169086,1.000291790862194,3710.5797225822444,0.9997900728964493,88988.44859183599,89219.1714532439,0.9997140413529205,1.2080534162908523,0.9994488541800791
3052.976330436545,3304.700725780925,1.0002475315778305,3726.1649600739065,0.9998630197417429,90012.21648866558,90132.52671898992,0.9995364552816749,1.2079158794154217,0.9996845219641448
3125.321462183988,3384.664345222302,1.0001107474548456,3816.224474265888,0.9998048604531456,90575.5239856871,90674.6641821166,0.999269913851893,1.2081761428909479,0.9997583449181056
3322.469217836626,3599.408040579911,1.0000848799868705,4056.2982409282226,0.9998012884796253,92458.27512974683,92791.59911940544,0.9987374579521837,1.2079218547914958,0.9998053687343902
3326.260211637518,3602.8612829057233,1.0002070681900972,4062.296266917264,0.9987978733235967,91734.60520656264,92022.57454815142,0.9995295433694824,1.2082896391716265,0.9995399778882544
3236.0986208578574,3507.4893501586557,1.0001945938187802,3955.61653329344,0.9999016505724215,92505.02515174559,92681.11491971892,0.9990988890242865,1.2087883427938242,0.9995736591822361
3085.316694358101,3342.2289766827607,1.0001854863063484,3770.5624513375765,0.9998851213184454,90074.26460072216,90303.75413113288,0.9993322628737321,1.2100461794093074,0.9996391948513891
3115.225428835284,3375.081325074016,1.0001605788660395,3805.8608123087392,0.9999651607835981,89919.66918563675,90267.00767315374,0.9994465987705883,1.2098860570276506,0.9995922258147134
3065.4912355563642,3321.4962143558223,1.0001851020212924,3744.40256257202,1.0000357862126887,88105.36756252912,88255.7288977432,0.9997482984842481,1.2093152248389865,0.9998482576905072
2964.488557692104,3211.1844596129563,1.0000863047726964,3620.2295085996634,1.0000466470796425,86272.38118696283,86344.34570884147,0.9991648731809415,1.2092613388009397,0.9997070216233672
2964.2627915054686,3209.9442359566697,0.9998948723968891,3618.654120787658,1.000115606129505,87683.32985376962,87792.26198835531,0.9993981756885181,1.2094022847381307,0.9997666919060852
2827.8041755024283,3062.8329998566596,0.9997999195444268,3455.8513732964025,0.9999302335823484,85728.33710307132,86083.68681777095,0.9990386338691646,1.2097775506700237,0.9996237848332359
2826.5948465107654,3064.0590523539067,0.9996105362032618,3454.2169813526098,0.9998234047754657,85066.03881063029,85419.92979052162,0.9991215596649186,1.2107016309685428,0.9998479569937242
2976.796869557769,3227.791648994484,0.999472033793072,3638.9120458104103,0.9998367110499486,87929.20902435984,88166.15535370796,0.9988474115033263,1.2104645894290713,0.999662358607726
2977.162263207443,3226.4238145151226,0.9997314653663346,3638.757496718662,1.0000175235676143,88026.05547195721,88330.29164521555,0.9990663984373825,1.2107165211515003,0.999789333045807
3001.6008377810244,3251.854734833528,0.9997879164137358,3668.365423281459,1.0000375373243724,88369.6591351313,88579.45306965706,0.999121649928043,1.2102792837794385,0.9995545931099592
3005.786780691547,3260.0034063553107,0.9995442858829462,3675.4020560300764,0.9999015270910463,88372.1330615075,88527.28741959117,0.9985505754157951,1.2110835472978898,0.9997509776440998
2965.193660040505,3213.773634887785,0.9994863410961572,3624.3471371980763,0.9997550269293676,87232.94328523504,87382.92573830452,0.998343490740462,1.210033666316749,0.9996560200637739
2945.9878145019857,3194.4760614655975,0.9995187050751727,3603.5398626392553,1.0000761307482435,87457.5607856024,87693.20593482675,0.9987357460635303,1.2108312466904068,0.9999180972933155
2904.252344599994,3146.716126808223,0.9995192930170843,3549.3532673592135,0.999708152829279,87046.99300963937,87113.61908103841,0.9996595949220011,1.2106508420644124,0.9999516690649369
2926.695639112761,3174.171270029581,0.9993672322965341,3579.873363501574,0.9998892293013324,87359.64227330609,87327.12876510878,0.9985345828219275,1.2111616624922343,0.9995530142610846
2948.8621262576116,3197.678522369587,0.9994697292631358,3605.4417078141723,1.0002418040526544,87584.50270256704,87731.42380843424,0.9985092074388825,1.2109362800792192,1.0003171438228775
2947.8597605720547,3198.576434842173,0.999388470477294,3607.7877676366643,1.0000312646730498,87695.23107656476,87826.759396203,0.9987032510510219,1.2113409198992355,1.0001870459775302
2934.215601758931,3184.3057612363154,0.9989163153615535,3590.879801809899,0.9997865671078336,86791.83600313975,87112.24379319954,0.9984662612733487,1.2113035968977484,0.9997212541500979
2970.055474481003,3220.4375289977693,0.9990185260447324,3632.468859356316,0.9998741904541762,88269.51636379735,88409.05209659199,0.9984554280285469,1.211648576705673,0.9993276155490621
2966.7741798134107,3219.307565921375,0.9986627246946019,3629.1052804132373,0.9998079595892425,87080.01511170523,87472.32234194978,0.9981423702022519,1.210762796075503,0.9995705757635025
3000.4191168879165,3255.6489550488836,0.9988679818488146,3671.780498938044,0.9998929070732341,88407.48164961352,88753.61024366059,0.9985767667967919,1.2117698347667891,0.9997842628557496
3121.9006724537576,3386.0721439304198,0.9995983333094133,3819.79539638863,0.9998884956114008,89755.65373412048,89871.57376998411,0.9993842225820758,1.212744755839202,0.9999495684342805
3126.041091396286,3391.4470051003123,0.9996521246231304,3825.146160032773,0.9999694949220108,90476.62884190457,90612.4553525366,0.9996694065412184,1.213177337682374,0.9998104476689919
3139.057041912684,3406.0635286295433,0.9996105685061611,3841.7924724230043,0.99994767057984,91389.84340888279,91410.03220855194,0.9992758349894328,1.212855753432066,0.9997323297585191
3228.2962247842056,3505.283352560481,0.9999633560368231,3951.305288622046,0.9997646956253706,93667.94237952337,93899.6185360824,0.9998385184876087,1.2142168558363886,0.9992232091468695
3295.101927879638,3576.1703358363093,0.9996615466659723,4031.4760689022232,0.9999044905222884,93483.88825261344,93627.40246060098,0.9996645988171728,1.2142608899380962,0.9996705061608243
3164.794750249208,3433.4725750744274,0.9991211966174102,3874.2941288139764,0.9999322696573381,90973.22622543272,91179.46263855453,0.9999238085925829,1.2149657922558146,0.999935449415976
3104.220322474917,3369.6109826435036,0.9991569593828226,3800.4015945854057,0.9998951178132236,90739.13428848362,90997.01942106399,0.9991503233392084,1.2145294673729536,0.9998360037658616
3067.048552087267,3329.9062624348744,0.9990628753187317,3755.9868838765833,0.9999389886353823,89799.19384629407,89941.04842850601,0.9995437932623564,1.2143988671249442,0.9993738440216072
